ID,Genotype,Species,Treatment,Block,11.9.lwp,11.9.lwp.area,11.10.lwp,11.10.lwp.area,11.11.pd,11.11.lwp,11.11.lwp.area,11.12.pd,11.13.pd,11.16.lwp,11.16.lwp.area,11.17.lwp,11.17.lwp.area,11.18.als.pd,12.1.pd,12.1.lwp,12.1.lwp.area,12.2.pd,12.2.lwp,12.2.lwp.area,12.3.pd,12.11.pd,12.11.pd.area,12.11.swp,12.11.swp.area,12.11.lwp,12.11.lwp.area,12.15.pd,12.15.pd.area,12.15.swp,12.15.swp.area,12.15.lwp,12.15.lwp.area,12.16.pd,12.16.pd.area,12.16.swp,12.16.swp.area,12.16.lwp,12.16.lwp.area,12.17.pd,12.17.pd.area,12.17.swp,12.17.swp.area,12.17.lwp,12.18.pd,12.18.pd.area,12.18.swp,12.18.swp.area,12.18.lwp,12.18.lwp.area
1149.10,1149,treleasei,Control,1,8.1,24.34777778,,,7.3,,,,,13.6,67.15395833,,,9.6,10.1,15,36.5525,,,,,6.8,48.64784722,10.5,MISSING,12.4,38.66715278,,,,,,,,,,,,,,,,,,,,,,,
1149.5,1149,treleasei,Drought,1,9.3,19.08055556,,,9.4,,,,,10,57.57743056,,,13.5,7.3,14.9,50.76104167,,,,,7.9,46.97930556,14.3,,15.2,41.08972222,,,,,,,,,,,,,,,,,,,,,,,
2214.4.3,2214.4,bloodworthiana,Drought,1,7.6,12.20694444,,,8.3,,,,,11.8,25.19708333,,,,,14.5,21.56444444,9.9,,,,5.2,42.93291667,13.5,26.14618056,12.6,MISSING,,,,,,,,,,,,,,,,,,,,,,,
2214.4.8,2214.4,bloodworthiana,Control,1,9.8,12.90222222,,,8.6,,,,,13.7,44.645,,,,8.6,11.8,53.91020833,,,,,5.7,51.53090278,10.9,MISSING,10.7,55.44361111,,,,,,,,,,,,,,,,,,,,,,,
255189.01.1,255189.01,riparia,Drought,1,11.7,21.70777778,,,8.2,,,,,10.7,58.54770833,,,,missing leaf,13.5,47.95736111,,,,,6.7,57.42604167,15.2,49.72451389,12.7,MISSING,,,,,,,,,,,,,,,,,,,,,,,
255189.01.7,255189.01,riparia,Control,1,10.3,30.58361111,,,8.1,,,,,13.9,84.32541667,,,,10,11,26.26881944,,,,,5.8,60.45388889,14,MISSING,12.6,101.5723611,,,,,,,,,,,,,,,,,,,,,,,
2970.1,2970,popenoi,Drought,1,9,15.40138889,,,6,,,,,11.1,36.45534722,,,,8.6,11.2,40.42256944,,,,,7.1,38.24326389,11.8,MISSING,12.3,37.82111111,,,,,,,,,,,,,,,,,,,,,,,
2970.9,2970,popenoi,Control,1,7.1,12.35138889,,,7.6,,,,,10.7,52.30430556,,,,8.4,13.7,76.44125,,,,,5.4,68.03576389,10,MISSING,9.6,61.26395833,,,,,,,,,,,,,,,,,,,,,,,
588155.01.4,588155.01,palmata,Drought,1,7.7,8.648055556,,,9.9,,,,,12.6,20.82388889,,,,missing bag,16.1,22.64888889,,,,8.6,7.5,20.79277778,15.5,14.98395833,18.6,30.350625,,,,,,,,,,,,,,,,,,,,,,,
588155.01.8,588155.01,palmata,Control,1,12.8,scrappy looking leaf,,,11.8,,,,,12.4,MISSING,,,,7.6,15.3,28.25277778,,,,,4.7,31.45458333,14,26.171875,,,,,,,,,,,,,,,,,,,,,,,,,
9018.5,9018,acerifolia,Drought,1,10,13.865,,,9.1,,,,,11.7,25.71104167,,,9.9,8.3,11.1,25.72770833,,,,,8.1,44.51444444,11,44.59826389,11.3,MISSING,,,,,,,,,,,,,,,,,,,,,,,
9018.6,9018,acerifolia,Control,1,6.9,17.65638889,,,6.3,,,,,10.9,58.88131944,,,12.5,9,13.8,90.75826389,,,,,6.7,36.60055556,9.4,40.23388889,7,MISSING,,,,,,,,,,,,,,,,,,,,,,,
9025.3,9025,cinerea,Drought,1,9.1,11.30555556,,,11.1,,,,8.6,,not enough leaves,,,,9.5,14,39.43256944,,,,,5.6,73.32354167,13.6,MISSING,11.3,MISSING,,,,,,,,,,,,,,,,,,,,,,,
9025.8,9025,cinerea,Control,1,9.5,15.06861111,,,10.7,,,,,16.3,48.99604167,,,,9.5,14.9,107.9316667,,,,,4.8,105.6864583,9.3,43.01631944,9.2,38.29902778,,,,,,,,,,,,,,,,,,,,,,,
9031.10,9031,berlandieri,Control,1,13.6,14.97527778,,,7.2,,,,,12.4,43.70430556,,,,,14.9,MISSING,8.4,,,,8.7,46.72618056,13.6,46.12208333,16,MISSING,,,,,,,,,,,,,,,,,,,,,,,
9031.11,9031,berlandieri,Control,1,13.4,14.3775,,,11.2,,,,,15,43.82229167,,,,10.2,14,30.74479167,,,,,7.3,63.40916667,11.2,45.31569444,13.4,MISSING,,,,,,,,,,,,,,,,,,,,,,,
9031.5,9031,berlandieri,Drought,1,12.7,25.18777778,,,8.9,,,,,11.1,64.74284722,,,,12.4,15,73.52083333,,,,,9.9,48.81916667,13.4,64.12090278,13.9,MISSING,,,,,,,,,,,,,,,,,,,,,,,
ANU65.2,ANU65,arizonica,Drought,1,7.9,14.4475,,,8.4,,,,,9.7,35.41701389,,,,7,,not enough leaves,,,,,5.1,57.57041667,13,46.70256944,11.4,MISSING,,,,,,,,,,,,,,,,,,,,,,,
ANU65.8,ANU65,arizonica,Control,1,13.2,MISSING,,,7.3,,,,,11.8,72.30826389,,,,8,10.8,58.23298611,,,,,5.8,77.42201389,8.5,78.92847222,8.3,MISSING,,,,,,,,,,,,,,,,,,,,,,,
b40-14.1,b40-14,arizonica,Drought,1,10.1,10.625,,,7.3,,,,,10.3,31.51347222,,,17.43,8.5,12,22.68951389,,,,,26,21.65909722,15.7,MISSING,24.3,15.90208333,,,,,,,,,,,,,,,,,,,,,,,
b40-14.10,b40-14,arizonica,Control,1,8.6,15.54694444,,,6.1,,,,,15.1,35.10222222,,,10.9,8.3,10.6,19.46965278,7.6,,,,7,23.37520833,10.4,MISSING,10.8,35.25944444,,,,,,,,,,,,,,,,,,,,,,,
b42-24.1,b42-24,peninsularis,Drought,1,9.9,14.69638889,,,6.1,,,,,10,39.58930556,,,,11,13.7,41.60159722,,,,,7.9,40.90659722,15.4,MISSING,14.8,36.19715278,,,,,,,,,,,,,,,,,,,,,,,
b42-24.7,b42-24,peninsularis,Control,1,12,13.12055556,,,5.3,,,,,10.5,47.86034722,,,,8.4,10.6,67.86173611,4.5,,,,6.2,60.43680556,9.5,MISSING,9.5,60.55944444,,,,,,,,,,,,,,,,,,,,,,,
b42-34.2,b42-34,cinerea,Drought,1,8,14.11083333,,,10.4,,,,,12.7,28.66465278,,,17.42,11,14.9,36.16215278,,,,,11.2,40.54125,14,28.35506944,19.1,MISSING,,,,,,,,,,,,,,,,,,,,,,,
b42-34.6,b42-34,cinerea,Control,1,8.9,12.33722222,,,9.2,,,,,14,37.10791667,,,11.5,11.5,14.9,46.99569444,,,,,5.8,33.01541667,11.5,MISSING,13.9,30.39694444,,,,,,,,,,,,,,,,,,,,,,,
C56-94.5,C56-94,rotundifolia var. munsoniana,Drought,1,9.4,18.53055556,,,8.2,,,,,12.7,44.44368056,,,8.3,9.4,11.8,43.19013889,,,,,6.4,52.26993056,11.8,56.511875,13.6,MISSING,,,,,,,,,,,,,,,,,,,,,,,
C56-94.7,C56-94,rotundifolia var. munsoniana,Control,1,9.5,16.92166667,,,8.9,,,,,9.6,57.82951389,,,7.3,9,9.9,40.92486111,,,,,7.1,38.87625,9.5,MISSING,12.6,47.37347222,,,,,,,,,,,,,,,,,,,,,,,
CC12.1,CC12,californica,Drought,1,11.5,19.87861111,,,7.3,,,,,9.1,39.35861111,,,,7.6,14.5,71.68354167,,,,,7.9,64.62701389,11.6,43.71090278,13.7,MISSING,,,,,,,,,,,,,,,,,,,,,,,
CC12.9,CC12,californica,Control,1,7.1,26.99083333,,,6.1,,,,,10.6,79.07270833,,,,9.5,13,108.0859028,,,,,4.4,70.15479167,9,MISSING,7.6,107.27125,,,,,,,,,,,,,,,,,,,,,,,
Haines.1,Haines,shuttleworthii,Control,1,8.5,16.84194444,,,9.5,,,,,7.9,63.73270833,,,,8.2,12.2,85.96104167,,,,,10,34.64680556,8.8,MISSING,9.7,75.26875,,,,,,,,,,,,,,,,,,,,,,,
Haines2.1,Hanes2,shuttleworthii,Drought,1,5.4,32.70138889,,,8.3,,,,,10,111.4082639,,,,7,12.3,124.5293056,,,,,6.4,117.3947222,12.4,MISSING,10.6,85.36479167,,,,,,,,,,,,,,,,,,,,,,,
Haines2.7,Hanes2,shuttleworthii,Control,1,8,22.0575,,,9.4,,,,,8.7,93.00076389,,,,8,,not enough leaves,,,,,5.5,148.7082639,9.2,69.56916667,8.9,85.58868056,,,,,,,,,,,,,,,,,,,,,,,
NY1.1,NY1,riparia,Drought,1,9.1,14.5675,,,9.9,,,,,12.9,49.27194444,,,9.1,9.9,18.6,73.09791667,,,,,7.1,61.74125,12,MISSING,11.6,33.53409722,,,,,,,,,,,,,,,,,,,,,,,
NY1.6,NY1,riparia,Control,1,7.4,16.89472222,,,8.3,,,,,12.3,43.54118056,,,,9.5,,not enough leaves,,,,,24.2,99.88951389,11.6,MISSING,10.7,93.96083333,,,,,,,,,,,,,,,,,,,,,,,
OCK1-S02.10,OCK1-S02,acerifolia,Control,1,7.9,36.50805556,,,5.7,,,,,11.5,123.6472222,,,,8.4,12,48.10319444,,,,,4.9,68.71243056,11.5,MISSING,8.9,89.01319444,,,,,,,,,,,,,,,,,,,,,,,
OCK1-S02.2,OCK1-S02,acerifolia,Drought,1,7.4,23.12416667,,,6.4,,,,,9.3,51.68791667,,,,6.8,15.4,78.05916667,,,,,4.8,88.47541667,10.2,MISSING,9.7,87.86402778,,,,,,,,,,,,,,,,,,,,,,,
SC2.5,SC2,girdiana,Drought,1,10.2,14.59694444,,,6.2,,,,,11.6,37.10347222,,,,7.8,14.1,45.56041667,,,,,6.6,48.46048611,11,48.63402778,11,MISSING,,,,,,,,,,,,,,,,,,,,,,,
SC2.7,SC2,girdiana,Control,1,8.1,15.35638889,,,7.5,,,,,8.5,54.30590278,,,,7.8,11.9,114.1809028,,,,,5.6,101.3915278,9.6,MISSING,7.8,123.0169444,,,,,,,,,,,,,,,,,,,,,,,
T48.4,T48,mustangensis,Drought,1,9,26.12222222,,,8.3,,,,,9.4,73.28659722,,,14.1,8.5,10.5,54.57826389,,,,,7,65.72638889,11.9,57.34263889,11.9,MISSING,,,,,,,,,,,,,,,,,,,,,,,
T48.7,T48,mustangensis,Control,1,11,22.195,,,8.3,,,,,12,51.755,,,10.92,8.5,9.7,67.65590278,,,,,4.8,102.85125,9.2,MISSING,9.9,66.94722222,,,,,,,,,,,,,,,,,,,,,,,
T52.3,T52,aestivalis,Drought,1,10.5,16.80305556,,,7.7,,,,,12.3,35.34625,,,9.3,10.1,13.5,46.91826389,,,,,10.4,43.93673611,12.9,44.03166667,13.9,MISSING,,,,,,,,,,,,,,,,,,,,,,,
T52.7,T52,aestivalis,Control,1,9.6,19.12694444,,,,,,,6.4,10.2,51.18833333,,,6,8,10.7,59.80159722,,,,,3.9,63.51458333,8.5,MISSING,11.4,67.46395833,,,,,,,,,,,,,,,,,,,,,,,
TX6704.1,TX6704,monticola,Drought,1,9.6,13.63305556,,,6.1,,,,,11.8,49.36618056,,,12,9.6,13.6,46.72256944,,,,,7.5,47.91465278,14.3,12.47861111,15.9,MISSING,,,,,,,,,,,,,,,,,,,,,,,
TX6704.6,TX6704,monticola,Control,1,7.8,23.57916667,,,6.3,,,,,11.1,64.27555556,,,8.8,10.8,13.2,38.91840278,,,,,4.9,47.91965278,9.9,41.38715278,10.9,MISSING,,,,,,,,,,,,,,,,,,,,,,,
TXNM0821.10,TXNM0821,riparia,Control,1,10.4,22.07805556,,,4.7,,,,,16.8,75.0225,,,11.03,6.7,12.3,108.2430556,,,,,4.9,97.70715278,7.3,MISSING,10.2,122.4475,,,,,,,,,,,,,,,,,,,,,,,
TXNM0821.4,TXNM0821,riparia,Drought,1,8.6,28.69305556,,,6.3,,,,,9,69.32284722,,,7,5.4,9.7,88.56618056,,,,,4.1,76.89895833,9.9,58.55208333,9.3,MISSING,,,,,,,,,,,,,,,,,,,,,,,
UT12-075.2,UT12-075,girdiana,Drought,1,,,,,,,,,,,no plant,,,,,,,,,,,,,,,,,,,,,,,,,,,,,,,,,,,,,,,
UT12-075.6,UT12-075,girdiana,Control,1,10.4,23.12527778,,,7.3,,,,,11.4,43.65486111,,,,10.1,13.6,60.70569444,,,,,4.6,53.39680556,11,45.91388889,11.5,MISSING,,,,,,,,,,,,,,,,,,,,,,,
V57-96.10,V57-96,vulpina,Control,1,10.3,17.26555556,,,10.7,,,,,11.7,45.50256944,,,,,13,45.89090278,6.8,,,,8.4,64.86951389,13.6,52.29708333,10.8,MISSING,,,,,,,,,,,,,,,,,,,,,,,
V57-96.5,V57-96,vulpina,Drought,1,7.8,16.14916667,,,13,,,,,12.1,36.07208333,,,,12.8,18.8,32.81493056,,,,11.6,10.1,40.25902778,14.7,31.82791667,10.7,MISSING,,,,,,,,,,,,,,,,,,,,,,,
V60-96.3,V60-96,vulpina,Drought,1,8.1,22.3175,,,7.7,,,,,11,71.74368056,,,10.8,8.9,10.7,28.48513889,,,,,6.4,64.24951389,13.2,21.20104167,13.3,MISSING,,,,,,,,,,,,,,,,,,,,,,,
V60-96.8,V60-96,vulpina,Control,1,,,,,,,,,,,not enough leaves,,,5.34,10,13.1,82.92013889,,,,,4.8,59.99104167,10,60.32111111,11.4,MISSING,,,,,,,,,,,,,,,,,,,,,,,
Vru42.1,Vru42,rupestris,Drought,1,9.2,13.06861111,,,9.8,,,,,11.8,32.60020833,,,11.3,9.5,,MISSING,6.2,,,,8.8,27.61347222,16.5,27.85888889,12.9,MISSING,,,,,,,,,,,,,,,,,,,,,,,
Vru42.10,Vru42,rupestris,Control,1,11,11.25055556,,,9.7,,,,,13.6,32.46743056,,,8.42,10.1,16,46.46993056,,,,,6.8,20.43520833,12,MISSING,12.9,26.3525,,,,,,,,,,,,,,,,,,,,,,,
1149.3,1149,treleasei,Drought,2,,,13.8,50.55611111,8.6,,,,,13.2,49.88597222,,,14.2,8.7,15.5,36.55736111,,,,,,,,,15,MISSING,8.8,50.45590278,16.5,45.439375,15,38.53326389,,,,,,,,,,,,,,,,,
1149.8,1149,treleasei,Control,2,,,12,12.91777778,9.6,,,,,12,59.50368056,,,9.4,8.5,14.5,66.04013889,,,,,,,,,,,7.4,55.21986111,10.9,40.03118056,12,44.46236111,,,,,,,,,,,,,,,,,
2214.4.4,2214.4,bloodworthiana,Drought,2,,,9.6,5.886944444,7.3,,,,,10,19.23388889,,,,7.8,16.5,23.37916667,,,,,,,,,10.5,MISSING,8.9,26.8525,11.6,23.94770833,10.5,26.69034722,,,,,,,,,,,,,,,,,
2214.4.9,2214.4,bloodworthiana,Control,2,,,11.8,38.11416667,8.7,,,,,13.5,24.70222222,,,,7.6,9.5,64.10076389,,,,,,,,,11.5,MISSING,8.1,65.48763889,7.5,60.660625,11.5,71.16368056,,,,,,,,,,,,,,,,,
255189.01.2,255189.01,riparia,Drought,2,,,9.8,97.05416667,7.8,,,,,9.5,91.36958333,,,,5.4,11,86.33534722,,,,,,,,,11.5,66.85576389,9.5,102.1574306,11.4,63.17777778,11.5,67.09722222,,,,,,,,,,,,,,,,,
255189.01.9,255189.01,riparia,Control,2,,,9.6,65.86833333,9.1,,,,,11.5,55.10305556,,,,7.4,13,80.19375,,,,,,,,,,,5.4,81.641875,11.2,59.24895833,11.5,59.16444444,,,,,,,,,,,,,,,,,
588155.01.1,588155.01,palmata,Drought,2,,,11.7,15.28,9.4,,,,,9.8,26.15,,,,9.6,16.5,24.43194444,,,,,,,,,,,10.5,34.55909722,13,28.09923611,17.7,21.56916667,,,,,,,,,,,,,,,,,
588155.01.10,588155.01,palmata,Control,2,,,10.9,28.90972222,12.5,,,,,13.7,22.80083333,,,,7.8,15.5,33.02243056,,,,,,,,,11,MISSING,10.2,37.62506944,10.4,35.58951389,11,32.99868056,,,,,,,,,,,,,,,,,
9018.3,9018,acerifolia,Drought,2,,,10.2,62.49277778,8.2,,,,,9.5,59.73166667,,,9.5,7.2,10.5,52.70770833,,,,,,,,,14.5,MISSING,8.3,50.17895833,13.2,MISSING,14.5,42.22166667,,,,,,,,,,,,,,,,,
9018.8,9018,acerifolia,Control,2,,,10.9,33.30666667,8.3,,,,,10,55.40881944,,,7.8,6.7,15,80.44493056,,,,,,,,,,,6.4,51.67430556,9.6,60.30756944,11.5,59.34645833,,,,,,,,,,,,,,,,,
9025.10,9025,cinerea,Control,2,,,10.4,31.21305556,10.6,,,,,8.9,47.04625,,,,7.4,12,41.99229167,,,,,,,,,10.5,MISSING,6.1,155.7073611,10.2,101.7201389,10.5,112.6086806,,,,,,,,,,,,,,,,,
9025.5,9025,cinerea,Drought,2,,,11.9,31.62416667,11.3,,,,,14.5,38.95520833,,,,5.9,11.5,45.49125,,,,,,,,,13.5,MISSING,7.4,66.66826389,10.7,58.80944444,13.5,38.78868056,,,,,,,,,,,,,,,,,
9031.4,9031,berlandieri,Drought,2,,,14.1,54.32888889,12.4,,,,,11.5,52.29208333,,,,8.4,14,39.79895833,,,,,,,,,16,MISSING,12.8,40.65194444,11.6,47.26534722,16,47.42298611,,,,,,,,,,,,,,,,,
9031.7,9031,berlandieri,Control,2,,,13.9,52.60027778,9.6,,,,,14.7,50.14159722,,,,8.6,17,39.38868056,,,,,,,,,,,9.2,47.13166667,10.2,56.07138889,12.6,41.1775,,,,,,,,,,,,,,,,,
9035.2,9035,berlandieri,Drought,2,,,8.7,54.87555556,10,,,,,11,71.630625,,,,7.3,15,56.35576389,,,,,,,,,10.5,MISSING,6.8,65.06125,10.7,52.48125,10.5,56.72590278,,,,,,,,,,,,,,,,,
9035.7,9035,berlandieri,Control,2,,,10.3,72.56611111,10.1,,,,,11.4,44.13479167,,,,7,9.5,202.1852083,,,,,,,,,9,MISSING,5.3,235.8797222,9,MISSING,9,203.6463194,,,,,,,,,,,,,,,,,
ANU65.3,ANU65,arizonica,Drought,2,,,8.7,53.83055556,8.5,,,,,7.5,52.793125,,,,6.2,12,36.41590278,,,,,,,,,,,8.3,36.92298611,11.3,33.38513889,12.8,53.62493056,,,,,,,,,,,,,,,,,
ANU65.9,ANU65,arizonica,Control,2,,,8.8,58.32694444,9.2,,,,,10,47.68159722,,,,6.9,12,75.93479167,,,,,,,,,,,7.3,56.25652778,8.2,66.64194444,10.7,40.95423611,,,,,,,,,,,,,,,,,
b40-14.2,b40-14,arizonica,Drought,2,,,11.9,46.63,11.7,,,,,13.3,52.355,,, ,9.8,19,MISSING,,,,,,,,,,,15.5,41.93701389,11.6,24.860625,16.1,29.86993056,,,,,,,,,,,,,,,,,
b40-14.6,b40-14,arizonica,Control,2,,,10.8,52.86722222,10.4,,,,,12.5,42.77875,,,10,7.3,11.5,25.11229167,,,,,,,,,,,6.2,32.11944444,13.9,51.10486111,13,32.210625,,,,,,,,,,,,,,,,,
b42-24.3,b42-24,peninsularis,Drought,2,,,9.8,43.89305556,11.2,,,,,11.6,36.63986111,,,,7.6,15,31.93590278,,,,,,,,,12.5,MISSING,8.9,32.241875,12.2,49.45395833,12.5,34.07506944,,,,,,,,,,,,,,,,,
b42-24.6,b42-24,peninsularis,Control,2,,,9.8,49.35944444,8.3,,,,,11.6,62.98541667,,,,7.8,10.5,66.248125,,,,,,,,,,,6.8,86.72881944,9.4,40.39527778,12.6,49.33430556,,,,,,,,,,,,,,,,,
b42-34.1,b42-34,cinerea,Drought,2,,,9.5,38.07166667,DO TOMORROW,,,,8.7,13.2,48.89791667,,,14.3,10,14.5,44.31763889,,,,,,,,,,,8.6,35.41236111,17,35.29972222,14.6,29.10715278,,,,,,,,,,,,,,,,,
b42-34.9,b42-34,cinerea,Control,2,,,14.4,36.50555556,12.3,,,,,11.4,49.47229167,,,10.9,8.4,11,45.14291667,,,,,,,,,,,8.5,44.78736111,12.4,37.85194444,12.6,61.11465278,,,,,,,,,,,,,,,,,
C56-94.3,C56-94,rotundifolia var. munsoniana,Drought,2,,,9.8,58.75944444,8.8,,,,8.1,10.4,51.16791667,,,9,8,10.5,47.14326389,,,,,,,,,,,6.4,51.79486111,11.1,38.35631944,10.5,41.71256944,,,,,,,,,,,,,,,,,
C56-94.6,C56-94,rotundifolia var. munsoniana,Control,2,,,11,MISSING,7.3,,,,,9.1,63.31854167,,,7.8,7,10.5,63.68361111,,,,,,,,,10,MISSING,8.6,68.206875,8.7,36.11625,10,36.17673611,,,,,,,,,,,,,,,,,
CC12.3,CC12,californica,Drought,2,,,8.6,69.455,5.5,,,,,9.9,42.92423611,,,,6,15,69.09333333,,,,,,,,,11.5,MISSING,6.5,72.69444444,12.5,MISSING,11.5,77.41458333,,,,,,,,,,,,,,,,,
CC12.8,CC12,californica,Control,2,,,7.9,52.92166667,7.1,,,,,10.2,82.63625,,,,6.3,14.5,92.10326389,,,,,,,,,,,5.5,64.36375,9.3,78.11020833,9.6,90.48729167,,,,,,,,,,,,,,,,,
Haines.7,Haines,shuttleworthii,Drought,2,,,10.4,53.23916667,,,,,6.1,,,,,,7.7,11,29.17333333,,,,,4.1,,11.5,30.779375,12.9,29.50534722,,,,,12.9,68.62236111,,,,,,,,,,,,,,,,,
Haines2.10,Hanes2,shuttleworthii,Drought,2,,,12.9,89.17166667,9,,,,,8.5,74.35333333,,,,5.8,12.5,70.37430556,,,,,,,,,,,7.6,79.47097222,12.1,59.97347222,11,56.89694444,,,,,,,,,,,,,,,,,
Haines2.2,Hanes2,shuttleworthii,Drought,2,,,11.1,57.41611111,8.8,,,,,8.5,58.59326389,,,,5,15,57.94472222,,,,,,,,,,,6.4,67.471875,13.4,71.05305556,14.5,MISSING,,,,,,,,,,,,,,,,,
Haines2.9,Hanes2,shuttleworthii,Control,2,,,8.7,66.10722222,8.5,,,,,8.6,66.94375,,,,8.3,9.5,135.4078472,,,,,,,,,10,MISSING,7.3,109.7135417,9.3,141.1111806,10,122.0667361,,,,,,,,,,,,,,,,,
NY1.5,NY1,riparia,Drought,2,,,11.7,36.89694444,9.1,,,,,11,46.86118056,,,8.5,6.8,13.5,44.74347222,,,,,,,,,,,6.3,55.01347222,10.6,43.46381944,12.9,38.95375,,,,,,,,,,,,,,,,,
NY1.9,NY1,riparia,Control,2,,,10.4,54.46138889,10.5,,,,,13,57.08729167,,,9.1,6,15.5,64.49631944,,,,,,,,,,,8,109.7648611,7.4,71.47409722,14.6,52.84916667,,,,,,,,,,,,,,,,,
OCK1-S02.4,OCK1-S02,acerifolia,Drought,2,,,,Dead,,,,,,,,,,,,,not enough leaves,,,,,,,,,,,,,,,,,,,,,,,,,,,,,,,,,
OCK1-S02.8,OCK1-S02,acerifolia,Control,2,,,9.8,139.4094444,8,,,,,11,106.4516667,,,,7.9,15,MISSING,,,,,,,,,12,MISSING,9.8,82.27729167,12,102.1755556,12,94.733125,,,,,,,,,,,,,,,,,
SC2.9,SC2,girdiana,Drought,2,,,,not enough leaves,8,,,,,9.6,44.45805556,,,,5.1,11,50.77215278,,,,,,,,,10.5,MISSING,5.3,43.88847222,9,46.11590278,10.5,39.81041667,,,,,,,,,,,,,,,,,
T48.2,T48,mustangensis,Drought,2,,,9.7,68.03972222,8.6,,,,,8.3,63.34069444,,,11.7,7.3,14.5,43.514375,,,,,,,,,,,7,63.80965278,14.5,54.58694444,7.5,68.15659722,,,,,,,,,,,,,,,,,
T48.6,T48,mustangensis,Control,2,,,10.2,81.09805556,9.4,,,,,11.1,96.29986111,,,9.2,8.6,13.5,99.19736111,,,,,,,,,,,6.2,86.07256944,12,63.89354167,12.6,94.50506944,,,,,,,,,,,,,,,,,
T52.1,T52,aestivalis,Drought,2,,,8.4,59.03555556,,,,,6.7,8.4,59.85166667,,,6.1,6.4,12,70.29430556,,,,,,,,,9.5,MISSING,5.1,71.27826389,18,60.92993056,9.5,50.43138889,,,,,,,,,,,,,,,,,
T52.6,T52,aestivalis,Control,2,,,12,47.10444444,8.9,,,,,12.6,42.52909722,,,6.5,6.8,13.5,71.40847222,,,,,,,,,,,6.4,52.84909722,9,52.97451389,8.5,73.95520833,,,,,,,,,,,,,,,,,
TX6704.3,TX6704,monticola,Drought,2,,,12.1,39.73583333,10,,,,,13,37.74486111,,,12,9.1,17,39.56972222,,,,,,,,,15,MISSING,9.1,37.96347222,12.9,33.51409722,15,29.96604167,,,,,,,,,,,,,,,,,
TX6704.9,TX6704,monticola,Control,2,,,12.7,41.15861111,8.3,,,,,13.9,38.47569444,,,5.92,8.3,15,34.85569444,,,,,,,,,11.5,MISSING,8.7,37.29958333,9.1,62.92631944,11.5,28.77736111,,,,,,,,,,,,,,,,,
TXNM0821.3,TXNM0821,riparia,Drought,2,,,9.1,53.83472222,7.9,,,,,10,50.38444444,,,6.8,6.4,13,60.51208333,,,,,,,,,,,6.2,50.24611111,10,54.73027778,,61.13180556,,,,,,,,,,,,,,,,,
TXNM0821.7,TXNM0821,riparia,Control,2,,,10.4,64.2225,6.4,,,,,8.2,61.72638889,,,8.6,7.1,11,128.230625,,,,,,,,,,,5.2,120.0670833,11.1,40.02958333,7.5,98.01569444,,,,,,,,,,,,,,,,,
UT12-075.1,UT12-075,girdiana,Drought,2,,,8.7,40.67138889,9.8,,,,,,,,,,,13.5,33.11333333,9.4,,,,,,,,,,6.9,44.01638889,11.8,30.945,12,40.44256944,,,,,,,,,,,,,,,,,
UT12-075.10,UT12-075,girdiana,Control,2,,,8.4,50.03666667,6.6,,,,,7.2,54.33819444,,,,,,,,,,,,,,,,,,,,,,,,,,,,,,,,,,,,,,,
V37-96.3,V37-96,labrusca,Control,2,,,,not enough leaves,,,,,,,not enough leaves,,,,,,,,,,,,,,,,,,,,,,,,,,,,,,,,,,,,,,,
V57-96.2,V57-96,vulpina,Drought,2,,,,not enough leaves,10,,,,,12.5,25.10708333,,,,9.3,11.5,42.54527778,,,,,,,,,11,MISSING,7.7,46.13340278,14,26.65916667,11,36.09194444,,,,,,,,,,,,,,,,,
V57-96.6,V57-96,vulpina,Control,2,,,11.8,41.86472222,13.6,,,,,13,45.42819444,,,,8.8,15,MISSING,,,,,,,,,12,MISSING,5.9,90.36291667,9.8,67.00951389,12,85.61902778,,,,,,,,,,,,,,,,,
V60-96.1,V60-96,vulpina,Drought,2,,,,not enough leaves,NOT ENOUGH LEAVES,,,,,,not enough,,,,,11.5,49.64895833,,,,,,,,,11.5,MISSING,7.8,22.4475,11.9,14.89868056,11.5,26.24534722,,,,,,,,,,,,,,,,,
V60-96.7,V60-96,vulpina,Control,2,,,,not enough leaves,,,,,,9,19.70048611,,,8.4,7.5,10.5,78.66208333,,,,,,,,,,,4.7,99.79951389,10.5,MISSING,8.4,111.1334722,,,,,,,,,,,,,,,,,
Vru42.5,Vru42,rupestris,Drought,2,,,16.4,34.10833333,9.2,,,,,11,33.80770833,,,10.6,8.4,12,40.19444444,,,,,,,,,,,8.3,33.64340278,12.9,23.6775,17.6,27.160625,,,,,,,,,,,,,,,,,
Vru42.6,Vru42,rupestris,Control,2,,,12.3,MISSING,11,,,,,18.5,33.92819444,,,7.8,8,14.5,39.23298611,,,,,,,,,5.457,MISSING,6.3,32.79,13,21.35694444,13.6,24.83,,,,,,,,,,,,,,,,,
1149.2,1149,treleasei,Drought,3,,,10.7,66.39305556,,,,10.2,,10.6,44.01694444,,,11.8,,15.1,42.30958333,,,,12,,,,,,,,,,,,,8,34.41340278,16.8,60.44375,18.3,43.49458333,,,,,,,,,,,
1149.7,1149,treleasei,Control,3,,,10,55.3075,,,,9,,,,11.1,54.48777778,10.9,,,not enough leaves,,10.4,61.97576389,,,,,,,,,,,,,,7.8,46.70638889,11.5,67.88458333,14,54.97534722,,,,,,,,,,,
2214.4.1,2214.4,bloodworthiana,Drought,3,,,11.5,32.72944444,,,,10.3,,11.9,30.85569444,,,,8.5,11.9,MISSING,,,,,,,,,,,,,,,,,I broke the petiole,38.85111111,11.3,33.55902778,19.5,41.71722222,,,,,,,,,,,
2214.4.6,2214.4,bloodworthiana,Control,3,,,13.1,58.35277778,,,,7.2,,,,11.3,51.51055556,,,,not enough leaves,4.5,9.1,66.09923611,,,,,,,,,,,,,,6.6,60.86916667,10.9,43.05631944,13.5,42.55923611,,,,,,,,,,,
255189.01.5,255189.01,riparia,Drought,3,,,15,61.29222222,,,,8.2,,7.7,80.36972222,,,,5.8,12.5,90.67284722,,,,,,,,,,,,,,,,,8.1,63.43416667,11.6,58.45027778,14.5,39.45034722,,,,,,,,,,,
255189.01.8,255189.01,riparia,Control,3,,,12.5,56.35222222,,,,7.6,,13.6,66.39256944,,,,6.5,12.5,131.2088194,,,,,,,,,,,,,,,,,7,101.00125,8.1,77.14006944,11.5,63.82868056,,,,,,,,,,,
2970.3,2970,popenoi,Control,3,,,9.1,14.80444444,,,,6.2,,,,8,14.46333333,,,,not enough leaves,6.3,8.5,46.13701389,,,,,,,,,,,,,,6.3,48.350625,8.7,40.69222222,10,42.08708333,,,,,,,,,,,
588155.01.2,588155.01,palmata,Drought,3,,,12,24.70444444,,,,14.4,8.9,,,,not enough leaves,,,,not enough leaves,10.5,16.4,18.97013889,11,,,,,,,,,,,,,9.9,26.54236111,11.5,28.32166667,15,22.28520833,,,,,,,,,,,
588155.01.9,588155.01,palmata,Control,3,,,17.3,24.25944444,,,,13.9,,12.2,25.37055556,,,,8.9,10.1,20.68270833,,,,,,,,,,,,,,,,,9.5,25.509375,8,33.76083333,12.5,35.32104167,,,,,,,,,,,
9018.10,9018,acerifolia,Control,3,,,11.6,55.03861111,,,,8,,10.3,61.45875,,,9,7.8,11.4,49.22215278,,,,,,,,,,,,,,,,,6,68.86006944,11.2,41.97506944,14.3,60.17694444,,,,,,,,,,,
9018.4,9018,acerifolia,Drought,3,,,13.6,51.08444444,,,,8.2,,7.4,45.71479167,,,9,7.8,9.5,43.63069444,,,,,,,,,,,,,,,,,9.5,44.23993056,11.7,38.99868056,14.9,38.78645833,,,,,,,,,,,
9025.4,9025,cinerea,Drought,3,,,10.5,29.23694444,,,,13.3,,11.1,21.27013889,,,,12,10.5,42.860625,,,,,,,,,,,,,,,,,6.6,51.39708333,9.3,56.56048611,13.4,28.90256944,,,,,,,,,,,
9025.9,9025,cinerea,Control,3,,,Not enough leaves,not enough leaves,,,,,,,not enough leaves,,,,6.3,10.1,97.55083333,,,,,,,,,,,,,,,,,6.5,148.0786806,7.9,53.98388889,7,64.94868056,,,,,,,,,,,
9031.2,9031,berlandieri,Drought,3,,,14,14.48277778,,,,12.8,,,,15.3,82.76569444,,,,not enough leaves,11.4,12.5,122.7320139,,,,,,,,,,,,,,5,57.53423611,12.4,48.209375,15.6,40.46673611,,,,,,,,,,,
9031.9,9031,berlandieri,Control,3,,,13.5,54.63361111,,,,13.9,,,,10.1,74.39743056,,,,not enough leaves,9.1,12.5,65.32256944,,,,,,,,,,,,,,8.1,66.0625,I broke the petiole,50.40680556,16.2,42.55381944,,,,,,,,,,,
9035.1,9035,berlandieri,Drought,3,,,10.5,26.39888889,,,,8.4,,,,10,132.1266667,,,,not enough leaves,6.9,16.2,73.83138889,,,,,,,,,,,,,,7.6,98.43180556,10.8,88.54458333,15.5,129.8151389,,,,,,,,,,,
9035.8,9035,berlandieri,Control,3,,,11,96.77777778,,,,9.1,,10.1,80.34319444,,,,6.7,9.4,MISSING,,,,,,,,,,,,,,,,,8,86.90375,6.7,56.25263889,10.8,86.94041667,,,,,,,,,,,
ANU65.1,ANU65,arizonica,Drought,3,,,13,60.02388889,,,,8.5,,9.2,57.18180556,,,,6.5,12.2,47.59541667,,,,,,,,,,,,,,,,,10,46.80361111,13.3,43.57888889,15.6,48.104375,,,,,,,,,,,
ANU65.10,ANU65,arizonica,Control,3,,,11.3,45.22194444,,,,11.4,,9.7,39.44048611,,,,5.8,10.4,30.43395833,,,,,,,,,,,,,,,,,6,82.06027778,7,68.315625,12.7,52.34743056,,,,,,,,,,,
b40-14.3,b40-14,arizonica,Drought,3,,,13.4,37.44277778,,,,,,11,46.81013889,,,14.1,9,13.7,MISSING,,,,,,,,,,,,,,,,,I broke the petiole,I broke the petiole,ripped petiole,ripped petiole,14,41.358125,,,,,,,,,,,
b40-14.9,b40-14,arizonica,Control,3,,,12.9,MISSING,,,,12.3,,13.3,39.57618056,,,10,8.8,11.1,MISSING,,,,,,,,,,,,,,,,,6.5,28.82472222,5.6,41.04576389,14.9,37.88159722,,,,,,,,,,,
b42-24.10,b42-24,peninsularis,Control,3,,,10.5,44.36361111,,,,,,9,48.96145833,,,,,10.5,57.36194444,,,,,,,,,,,,,,,,,7.5,44.19277778,7.4,24.57840278,11,46.62861111,,,,,,,,,,,
b42-24.5,b42-24,peninsularis,Drought,3,,,11,48.36444444,,,,7.9,,11.6,29.84256944,,,,9.3,13.6,16.09930556,,,,,,,,,,,,,,,,,9.5,43.71736111,14.8,46.59020833,11.5,33.98222222,,,,,,,,,,,
b42-34.10,b42-34,cinerea,Control,3,,,12.1,8.789722222,,,,9.3,8.6,11.1,30.40395833,,,11.5,10,13.1,24.91930556,,,,,,,,,,,,,,,,,11,34.84652778,11.5,41.22638889,6,40.41527778,,,,,,,,,,,
b42-34.5,b42-34,cinerea,Drought,3,,,11.5,52.17583333,,,,12.6,,,,15.3,44.78027778,12.4,,,not enough leaves,9.5,15.5,47.77784722,,,,,,,,,,,,,,9.7,44.25076389,12.1,38.71847222,19,44.41715278,,,,,,,,,,,
C56-94.1,C56-94,rotundifolia var. munsoniana,Drought,3,,,10.4,56.70805556,,,,9.4,,,,11.3,52.90680556,,,,not enough leaves,10.9,11.4,49.3775,,,,,,,,,,,,,,9.1,40.61638889,11.7,38.59180556,12.5,35.13375,,,,,,,,,,,
C56-94.8,C56-94,rotundifolia var. munsoniana,Control,3,,,11,41.25333333,,,,8.5,,,,9.2,55.20222222,,,,not enough leaves,6.2,9.1,67.73159722,,,,,,,,,,,,,,6.1,59.37805556,8.9,48.34076389,13.5,32.459375,,,,,,,,,,,
CC12.2,CC12,californica,Drought,3,,,9,54.15083333,,,,7.3,,,,11.4,57.25638889,,,,not enough leaves,5.6,14.4,73.749375,,,,,,,,,,,,,,6.6,64.723125,12.8,43.18215278,12.9,43.80715278,,,,,,,,,,,
CC12.6,CC12,californica,Control,3,,,11.5,96.76638889,,,,4,,10.2,99.85326389,,,,5.7,10.5,113.1303472,,,,,,,,,,,,,,,,,7.5,64.51194444,10.3,58.81569444,10.9,76.52826389,,,,,,,,,,,
Haines2.5,Hanes2,shuttleworthii,Drought,3,,,10,44.66916667,,,,,7.1,8.4,75.96194444,,,,6.2,9.5,MISSING,,,,,,,,,,,,,,,,,8,77.08444444,11.2,61.76069444,15,48.08402778,,,,,,,,,,,
Haines2.6,Hanes2,shuttleworthii,Control,3,,,10.2,75.44111111,,,,8.1,,,,14.1,99.89277778,,,,not enough leaves,6.9,7.8,130.4560417,,,,,,,,,,,,,,4.8,165.9430556,6.5,141.8902778,12.6,61.04847222,,,,,,,,,,,
Haines2.8,Hanes2,shuttleworthii,Control,3,,,10,56.8225,,,,7.8,,,,12,123.9861806,,,,not enough leaves,5.6,8.2,151.4497222,,,,,,,,,,,,,,4.6,83.48131944, ,51.44111111,12,65.92166667,,,,,,,,,,,
NY1.2,NY1,riparia,Drought,3,,,12,52.78055556,,,,8.8,,,,8.9,54.65625,9.1,,,not enough leaves,6.2,12.9,60.62541667,,,,,,,,,,,,,,8.3,60.57486111,11,50.07680556,13,56.05805556,,,,,,,,,,,
NY1.8,NY1,riparia,Control,3,,,12.2,66.74083333,,,,8.6,,,,14.9,61.22534722,11.05,,,not enough leaves,8.4,9.8,95.56534722,,,,,,,,,,,,,,6.3,95.18388889,12,58.045,10.5,85.02076389,,,,,,,,,,,
OCK1-S02.1,OCK1-S02,acerifolia,Drought,3,,,13,89.85027778,,,,6.6,,,,9.8,142.1256944,,,,not enough leaves,7,14.2,118.6770139,,,,,,,,,,,,,,7.4,108.6726389,,,15.7,94.31340278,,,,,,,,,,,
OCK1-S02.6,OCK1-S02,acerifolia,Control,3,,,11.2,127.3947222,,,,7.9,,,,8.6,155.6103472,,,,not enough leaves,6.3,11.3,123.9139583,,,,,,,,,,,,,,4.4,91.02041667,9.2,84.70326389,11.9,62.10638889,,,,,,,,,,,
SC2.4,SC2,girdiana,Drought,3,,,11.2,86.83361111,,,,8.3,,8.5,67.90520833,,,,6.9,13.5,76.04847222,,,,,,,,,,,,,,,,,8,MISSING,10.8,52.54416667,14.2,47.2125,,,,,,,,,,,
SC2.8,SC2,girdiana,Control,3,,,9,61.97944444,,,,7.4,,,,11.4,73.99826389,,,,not enough leaves,5.1,7.9,MISSING,,,,,,,,,,,,,,4.9,78.31333333,8.5,103.4915972,11.2,71.75736111,,,,,,,,,,,
T48.1,T48,mustangensis,Drought,3,,,10.7,45.37138889,,,,12.3,,,,11.3,55.48416667,,,,,7.1,14.1,54.37354167,,,,,,,,,,,,,,7.1,49.23986111,6.3,49.06354167,12,48.32583333,,,,,,,,,,,
T48.8,T48,mustangensis,Control,3,,,Not enough leaves,not enough leaves,,,,10.3,,,,,not enough leaves,,,,,4.5,9.2,76.46076389,,,,,,,,,,,,,,6.1,68.004375,6.3,43.19979167,10,84.13388889,,,,,,,,,,,
T52.10,T52,aestivalis,Control,3,,,10.1,68.55694444,,,,7.1,,,,9.2,94.51618056,5.9,,,,damagedpetiole,10.7,73.09506944,5,,,,,,,,,,,,,5.5,63.95388889,6.4,46.335625,11.5,54.18354167,,,,,,,,,,,
T52.4,T52,aestivalis,Drought,3,,,12.5,68.58583333,,,,8.4,,,,12.4,59.49354167,8.4,,,,9.9,12.1,67.18520833,,,,,,,,,,,,,,9.2,71.77458333,9.8,59.62069444,15.6,69.38486111,,,,,,,,,,,
TX6704.5,TX6704,monticola,Drought,3,,,14.6,58.43055556,,,,8.1,,10.5,56.18305556,,,11.1,,14.9,48.12027778,,,,,,,,,,,,,,,,,9.4,54.06097222,11.1,25.21652778,15.4,19.31243056,,,,,,,,,,,
TX6704.8,TX6704,monticola,Control,3,,,11.4,55.34555556,,,,7.7,,,,12.4,61.55027778,7.78,,,,8.4,15.4,56.59263889,,,,,,,,,,,,,,6.3,55.76020833,13.3,37.53805556,12.8,44.49027778,,,,,,,,,,,
TXNM0821.2,TXNM0821,riparia,Drought,3,,,11.6,95.31805556,,,,6.7,,8.2,81.04034722,,,7.6,,11.5,98.75326389,,,,,,,,,,,,,,,,,8,65.11416667,8.6,54.54930556,12,65.27694444,,,,,,,,,,,
TXNM0821.9,TXNM0821,riparia,Control,3,,,10,105.0425,,,,5.3,,,,8.4,96.01854167,9.43,,,,5.3,10.5,73.36569444,,,,,,,,,,,,,,3.9,85.65472222,6.2,38.71291667,11.5,73.085625,,,,,,,,,,,
UT12-075.3,UT12-075,girdiana,Drought,3,,,9.9,5.758888889,,,,,6.7,,,,not enough leaves,,,,,,10.1,56.19201389,,,,,,,,,,,,,,5.7,35.14048611,8.5,51.39340278,8,69.83395833,,,,,,,,,,,
UT12-075.8,UT12-075,girdiana,Control,3,,,12.1,64.74916667,,,,8.3,,9.1,69.07194444,,,,7,11.1,MISSING,,,,,,,,,,,,,,,,,6.5,64.75125,8.6,63.17180556,14.2,60.84888889,,,,,,,,,,,
V37-96.5,V37-96,labrusca,Drought,3,,,16.3,76.41944444,,,,15.1,,12,85.27520833,,,,,11.5,MISSING,9.1,,,,,,,,,,,,,,,,,,,,,,,,,,,,,,,,
V37-96.7,V37-96,labrusca,Control,3,,,18,55.57222222,,,,16.9,11.5,10.6,63.06395833,,,,missing plant,,,,,,,,,,,,,,,,,,,,,,,,,,,,,,,,,,,
V57-96.4,V57-96,vulpina,Drought,3,,,15.5,53.3275,,,,10.3,,9.8,75.04590278,,,,8.8,13.9,67.08847222,,,,,,,,,,,,,,,,,6.5,46.84958333,13.3,50.87736111,14.4,37.40618056,,,,,,,,,,,
V57-96.8,V57-96,vulpina,Control,3,,,14.5,68.16666667,,,,11.5,,,,,not enough leaves,,,,,7.9,10.4,68.21534722,,,,,,,,,,,,,,7,71.51027778,9.7,92.24451389,14.5,69.93652778,,,,,,,,,,,
V60-96.2,V60-96,vulpina,Drought,3,,,Not enough leaves,Not enough leaves,,,,,,,not enough leaves,,not enough leaves,5.27,missing leaf,15.4,34.77736111,,,,8.6,,,,,,,,,,,,,8,26.24201389,10.6,22.52402778,13.5,18.29583333,,,,,,,,,,,
V60-96.6,V60-96,vulpina,Control,3,,,Not enough leaves,Not enough leaves,,,,9.1,,,,10.6,35.56048611,11.9,,,,7.4,10.2,74.99493056,,,,,,,,,,,,,,5.4,110.8589583,7.4,28.48291667,9.5,50.18833333,,,,,,,,,,,
Vru42.2,Vru42,rupestris,Drought,3,,,12.3,36.4,,,,14.4,,,,12.1,35.329375,10.6,,,,11,18.4,34.48708333,,,,,,,,,,,,,,9.3,28.59298611,18.7,30.50326389,15.5,17.69347222,,,,,,,,,,,
Vru42.8,Vru42,rupestris,Control,3,,,15,MISSING,,,,13.1,,11.9,31.48409722,,,,8.5,14.5,MISSING,,,,,,,,,,,,,,,,,7.5,61.48534722,10.1,42.36888889,14.6,32.62979167,,,,,,,,,,,
1149.1,1149,treleasei,Drought,4,,,,,,9,23.59888889,10,,,,11.6,61.05375,13.5,,,,redo,18.1,42.9475,10.5,,,,,,,,,,,,,,,,,,,11,60.72916667,14.6,49.96263889,13.5,,,,,,
1149.6,1149,treleasei,Control,4,,,,,,10,22.43222222,8,,,,8.7,74.25034722,4.48,,,,6.1,15.6,MISSING,,,,,,,,,,,,,,,,,,,,4.8,MISSING,13.9,53.08736111,15,,,,,,
2214.4.2,2214.4,bloodworthiana,Drought,4,,,,,,12,14.73611111,9,,,,8.4,44.96659722,,,,,7.1,13.5,34.84548611,,,,,,,,,,,,,,,,,,,,6.4,44.07409722,12.6,26.09125,15.5,,,,,,
2214.4.7,2214.4,bloodworthiana,Control,4,,,,,,10.5,14.50861111,9.5,,,,9.1,40.57673611,,,,,6.5,11.5,63.38638889,,,,,,,,,,,,,,,,,,,,7,82.674375,10.2,59.00430556,11.5,,,,,,
255189.01.4,255189.01,riparia,Drought,4,,,,,,7,14.32555556,6.8,,,,8.3,41.256875,,,,,8.9,15.5,MISSING,,,,,,,,,,,,,,,,,,,,7.6,45.19159722,11.7,40.699375,15.5,,,,,,
255189.01.6,255189.01,riparia,Control,4,,,,,,8,38.88305556,6.6,,,,8.5,109.2238194,,,,,6.2,12.4,63.10881944,,,,,,,,,,,,,,,,,,,,6.4,90.66361111,9.1,85.05694444,14,,,,,,
2970.6,2970,popenoi,Drought,4,,,,,,8.5,14.17138889,7.3,,,,7.2,34.03055556,,,,,9.8,14.5,29.44680556,,,,,,,,,,,,,,,,,,,,7.4,43.53548611,14.1,44.75916667,13.5,,,,,,
588155.01.5,588155.01,palmata,Drought,4,,,,,,10,12.42833333,12.9,,,,12.6,20.68319444,,,,,redo,20.3,MISSING,9,,,,,,,,,,,,,,,,,,,14,15.24909722,12,37.97430556,18,,,,,,
588155.01.6,588155.01,palmata,Control,4,,,,,,9.5,6.895555556,13.3,,,,9.7,18.14965278,,,,,redo,12.4,46.510625,7.1,,,,,,,,,,,,,,,,,,,7.1,MISSING,11.5,50.80805556,15,,,,,,
9018.1,9018,acerifolia,Drought,4,,,,,,9.5,17.58388889,8.9,,,,8.2,89.04451389,9.4,,,,7.9,12.7,45.90486111,,,,,,,,,,,,,,,,,,,,7.1,44.72916667,14.1,50.72944444,14,,,,,,
9018.9,9018,acerifolia,Control,4,,,,,,9,24.24166667,9.2,6.9,,,7.6,85.06381944,8.67,,,,,14.4,40.71638889,6,,,,,,,,,,,,,,,,,,,7,MISSING,9.1,61.21034722,12.5,,,,,,
9025.1,9025,cinerea,Drought,4,,,,,,8.5,11.6475,8,,,,10.3,35.34854167,,,,,8.9,16.9,42.39104167,,,,,,,,,,,,,,,,,,,,6.8,52.39409722,20.2,58.71472222,15,,,,,,
9025.7,9025,cinerea,Control,4,,,,,,9.5,12.04361111,10,,,,9.1,90.90743056,,,,,6.5,9.7,121.1772917,,,,,,,,,,,,,,,,,,,,6.5,138.731875,11.6,116.3758333,10,,,,,,
9031.1,9031,berlandieri,Drought,4,,,,,,11.6,19.43111111,12.6,,,,15.2,53.62611111,,,,,11.1,18.2,61.04465278,,,,,,,,,,,,,,,,,,,,11,51.13694444,14?,MISSING,20,,,,,,
9031.6,9031,berlandieri,Control,4,,,,,,10.9,12.07777778,11.2,,,,11.9,40.19784722,,,,,redo,13.6,36.31694444,,,,,,,,,,,,,,,,,,,,7.3,MISSING,14.4,43.99486111,15.5,,,,,,
9035.3,9035,berlandieri,Drought,4,,,,,,8.5,21.50055556,9.5,,,,9.8,69.19027778,,,,,8.5,14.8,74.51472222,,,,,,,,,,,,,,,,,,,,,,11.7,56.30152778,,7.5,57.43027778,13,85.59493056,13.5,54.57520833
9035.9,9035,berlandieri,Control,4,,,,,,7,25.49694444,9.5,,,,7.6,51.98625,,,,,4.9,12,124.5136111,,,,,,,,,,,,,,,,,,,,7,218.4269444,10.9,170.6364583,15,,,,,,
ANU65.4,ANU65,arizonica,Drought,4,,,,,,8.6,19.31861111,9.8,,,,9.1,65.45944444,,,,,8,14.2,18.51041667,,,,,,,,,,,,,,,,,,,,9.3,30.32298611,13.7,37.54631944,14.5,,,,,,
ANU65.6,ANU65,arizonica,Control,4,,,,,,7,20.97916667,10.6,,,,7.3,37.44326389,,,,,5.8,13.5,38.49263889,,,,,,,,,,,,,,,,,,,,4.5,47.19,12.1,54.64305556,13.5,,,,,,
b40-14.5,b40-14,arizonica,Drought,4,,,,,,7.5,16.37777778,9.4,,,,12.5,36.24138889,14.8,,,,10.5,18.9,40.17444444,,,,,,,,,,,,,,,,,,,,11.5,45.11263889,,,15,,,,,,
b40-14.7,b40-14,arizonica,Control,4,,,,,,8.5,15.66444444,9.3,,,,12.4,47.84597222,,,,,6,12.2,23.79444444,,,,,,,,,,,,,,,,,,,,5.3,MISSING,9.1,MISSING,14,,,,,,
b42-24.2,b42-24,peninsularis,Drought,4,,,,,,9.5,17.57944444,10.2,,,,10,62.63180556,,,,,9.9,16.5,22.95347222,,,,,,,,,,,,,,,,,,,,9.5,54.63,13.9,MISSING,17,,,,,,
b42-24.8,b42-24,peninsularis,Control,4,,,,,,6.5,15.79972222,10.6,,,,8.9,60.73805556,,,,,6.5,13.9,87.290625,,,,,,,,,,,,,,,,,,,,5.6,MISSING,9.7,52.07479167,13,,,,,,
b42-34.4,b42-34,cinerea,Drought,4,,,,,,12,19.22166667,12,,,,13.4,50.11354167,14.14,,,,11.5,16,MISSING,,,,,,,,,,,,,,,,,,,,10.3,40.74243056,,,,10.9,41.78444444,17.7,35.11347222,17,37.25333333
b42-34.7,b42-34,cinerea,Control,4,,,,,,11.5,12.79416667,11,,,,9.6,36.73291667,10.6,,,,7.9,11.7,34.86604167,,,,,,,,,,,,,,,,,,,,,39.113125,12.5,33.35270833,15.4,,,,,,
C56-94.10,C56-94,rotundifolia var. munsoniana,Control,4,,,,,,12,11.73083333,,7,,,8.7,59.86881944,,,,,redo,11.5,45.65819444,5.9,,,,,,,,,,,,,,,,,,,4.5,44.78291667,11.6,38.60833333,12.5,,,,,,
C56-94.2,C56-94,rotundifolia var. munsoniana,Drought,4,,,,,,10.5,15.31166667,11.5,,,,9.6,49.60520833,3.01,,,,6.5,14.6,41.91965278,,,,,,,,,,,,,,,,,,,,,,13.2,35.43069444,,7,39.89694444,10.5,34.57166667,10.5,33.40048611
CC12.4,CC12,californica,Drought,4,,,,,,9,31.99027778,8.2,,,,11.8,77.12826389,,,,,6.8,13.6,45.33479167,,,,,,,,,,,,,,,,,,,,10.8,81.51604167,16.2,62.28444444,15.5,,,,,,
CC12.7,CC12,californica,Control,4,,,,,,7,29.71555556,6.1,,,,9.2,54.22986111,,,,,4.5,10.8,50.59263889,,,,,,,,,,,,,,,,,,,,4.3,72.31375,11.1,71.26243056,9.5,,,,,,
Haines.3,Haines,shuttleworthii,Drought,4,,,,,,7,18.49638889,,7.5,,,7.6,48.35527778,,,,,3.2,12.5,33.42013889,,,,,,,,,,,,,,,,,,,,8.3,39.8175,11.6,34.75868056,12,,,,,,
Haines.8,Haines,shuttleworthii,Control,4,,,,,,8.5,25.61138889,11,,,,12.5,75.38020833,,,,,10.7,13,85.12930556,,,,,,,,,,,,,,,,,,,,8.5,78.50923611,7.7,63.980625,12,,,,,,
Haines2.4,Hanes2,shuttleworthii,Control,4,,,,,,7.1,29.09416667,9.6,,,,10.9,116.2454861,,,,,4.9,11.9,154.7643056,,,,,,,,,,,,,,,,,,,,6,MISSING,9.8,126.1305556,11.5,,,,,,
NY1.10,NY1,riparia,Control,4,,,,,,11.5,34.20027778,9.3,,,,14.1,89.38645833,7.5,,,,6,14.5,47.27972222,,,,,,,,,,,,,,,,,,,,8,100.2959028,9.3,40.37319444,13.5,,,,,,
NY1.4,NY1,riparia,Drought,4,,,,,,10,23.61555556,7.1,,,,10.2,72.65048611,,,,,8,16.7,69.75888889,,,,,,,,,,,,,,,,,,,,9,37.73243056,14.2,25.81340278,14,,,,,,
OCK1-S02.3,OCK1-S02,acerifolia,Drought,4,,,,,,7,34.00666667,,6.8,,,10.6,113.5608333,,,,,7.9,13.6,122.37375,,,,,,,,,,,,,,,,,,,,7,62.48006944,10.9,67.71597222,12.5,,,,,,
OCK1-S02.9,OCK1-S02,acerifolia,Control,4,,,,,,6.5,38.68833333,7,,,,8.7,57.24618056,,,,,6,11,98.18951389,,,,,,,,,,,,,,,,,,,,4.7,MISSING,9.6,62.67909722,13,,,,,,
SC2.1,SC2,girdiana,Control,4,,,,,,5.5,17.88916667,9.1,,,,6.4,67.62034722,,,,,4.9,12.5,MISSING,,,,,,,,,,,,,,,,,,,,6,MISSING,11.9,59.49875,10.5,,,,,,
T48.10,T48,mustangensis,Control,4,,,,,,9,17.81722222,10.6,,,,9.3,70.84069444,9.34,,,,5.9,14.5,87.20597222,,,,,,,,,,,,,,,,,,,,8,69.74916667,11.2,41.58680556,10,,,,,,
T48.3,T48,mustangensis,Drought,4,,,,,,10.5,25.03805556,9.9,,,,10.5,57.28333333,11.1,,,,9.6,11.7,59.034375,,,,,,,,,,,,,,,,,,,,7.8,MISSING,11.9,34.23340278,14.1,,,,,,
T52.5,T52,aestivalis,Drought,4,,,,,,10,21.085,8.9,,,,11.9,51.235,9.9,,,,12.5,16,39.11673611,,,,,,,,,,,,,,,,,,,,10.6,61.68694444,17.3,20.75090278,14.5,,,,,,
T52.8,T52,aestivalis,Control,4,,,,,,8.1,19.79138889,,7.6,,,8.3,80.23027778,6.6,,,,7.4,13.2,87.07569444,,,,,,,,,,,,,,,,,,,,6.5,MISSING,13.4,83.17444444,12,,,,,,
TX6704.2,TX6704,monticola,Drought,4,,,,,,13.1,18.59138889,8.8,,,,12.5,64.49118056,11,,,,7.5,17,53.40805556,,,,,,,,,,,,,,,,,,,,10,MISSING,20.5,15.89694444,18,,,,,,
TX6704.7,TX6704,monticola,Control,4,,,,,,11.9,19.93055556,9.9,,,,9.7,62.55465278,7.7,,,,5.2,16.8,23.13902778,,,,,,,,,,,,,,,,,,,,10.8,MISSING,14.1,33.20013889,15.5,,,,,,
TXNM0821.1,TXNM0821,riparia,Drought,4,,,,,,9,27.77111111,6.5,,,,7.9,68.95027778,,,,,7.5,11.5,80.65229167,,,,,,,,,,,,,,,,,,,,6.3,79.66354167,10.2,71.24854167,11,,,,,,
TXNM0821.5,TXNM0821,riparia,Control,4,,,,,,6.5,34.87861111,7.6,,,,9,102.4066667,8.6,,,,4.9,11.6,MISSING,,,,,,,,,,,,,,,,,,,,5,MISSING,8.8,61.21638889,12,,,,,,
TXNM0821.8,TXNM0821,riparia,Drought,4,,,,,,9.5,30.64,5.7,,,,7.5,88.27076389,9.1,,,,6.5,13.5,54.26430556,9.4,,,,,,,,,,,,,,,,,,,5.3,80.94736111,8.4,71.86013889,10,,,,,,
UT12-075.5,UT12-075,girdiana,Drought,4,,,,,,9.5,23.12888889,9.3,,,,8.6,59.33520833,,,,,7.9,14.9,89.27138889,,,,,,,,,,,,,,,,,,,,8.4,63.53493056,13.1,60.76076389,17,,,,,,
UT12-075.9,UT12-075,girdiana,Control,4,,,,,,9,15.32111111,9.7,,,,8.6,39.90493056,,,,,6,11.9,76.78729167,,,,,,,,,,,,,,,,,,,,7.6,MISSING,11.2,46.37201389,8,,,,,,
V37-96.4,V37-96,labrusca,Drought,4,,,,,,9,33.48833333,,,,not enough leaves,,not enough leaves,,,,,,,,,,,,,,,,,,,,,,,,,,,,,,,,,,,,,
V37-96.9,V37-96,labrusca,Control,4,,,,,,12,17.52083333,,,,not enough leaves,,not enough leaves,,,,,,,,,,,,,,,,,,,,,,,,,,,,,,,,,,,,,
V57-96.3,V57-96,vulpina,Drought,4,,,,,,10,15.27194444,12.1,,,,13.9,47.92201389,,,,,11,16.9,43.88097222,,,,,,,,,,,,,,,,,,,,8.6,45.88555556,9,34.46555556,16.5,,,,,,
V57-96.9,V57-96,vulpina,Control,4,,,,,,12,9.032777778,not enough leaves,,,,,not enough leaves,,,,,7.6,18.8,24.69097222,,,,,,,,,,,,,,,,,,,,9.6,63.25527778,13.8,43.71361111,14.5,,,,,,
V60-96.4,V60-96,vulpina,Drought,4,,,,,,6.5,18.6925,9.9,,,,8.8,66.256875,14.5,,,,8.1,14.9,47.006875,,,,,,,,,,,,,,,,,,,,,,,,,11.9,57.25,14.5,51.40618056,15.5,43.39263889
V60-96.9,V60-96,vulpina,Control,4,,,,,,,not enough leaves,9.1,,,,8.8,47.30597222,,,,,6.2,13.2,MISSING,,,,,,,,,,,,,,,,,,,,5.8,71.94597222,10.4,71.08479167,9.5,,,,,,
Vru42.3,Vru42,rupestris,Drought,4,,,,,,10,12.06083333,,8.2,,,11.2,35.07833333,10.5,,,,9,19,28.69763889,,,,,,,,,,,,,,,,,,,,6,34.80506944,14.3,19.05694444,17,,,,,,
Vru42.9,Vru42,rupestris,Control,4,,,,,,10,9.5225,9.9,,,,8.9,31.069375,10.42,,,,7.5,11.7,37.37083333,,,,,,,,,,,,,,,,,,,,7.2,35.07263889,10.9,36.32291667,13.5,,,,,,
1149.4,1149,treleasei,Drought,5,,,,,,11.4,15.24527778,10.2,,,,15.2,55.20347222,,,,,13.5,15.5,50.08131944,,,,,,,,,,,,,,,,,,,,,,,,,16.1,27.28506944,24.9,19.55333333,16,42.45840278
1149.9,1149,treleasei,Control,5,,,,,,8.2,21.61333333,8.8,,,,10.9,50.97243056,,,,,8.1,8,64.18451389,,,,,,,,,,,,,,,,,,,,,,,,,6.9,37.21833333,11.9,46.00534722,10.5,52.10888889
2214.4.10,2214.4,bloodworthiana,Control,5,,,,,,8.6,11.21444444,13,,,,9.5,24.92895833,,,,,6.9,14.5,46.68319444,,,,,,,,,,,,,,,,,,,,,,,,,6.9,53.28826389,11.4,55.95263889,12,47.69208333
2214.4.5,2214.4,bloodworthiana,Drought,5,,,,,,8.4,10.00861111,10.8,,,,9.7,33.873125,,,,,9.9,11,33.95479167,,,,,,,,,,,,,,,,,,,,,,,,,11.3,26.37201389,15.5,23.153125,13,33.61104167
255189.01.10,255189.01,riparia,Control,5,,,,,,6.4,21.29027778,13.5,,,,7.9,53.31923611,,,,,7.3,10,96.53805556,,,,,,,,,,,,,,,,,,,,,,,,,5.7,94.22368056,11.2,59.37965278,13,62.30798611
255189.01.3,255189.01,riparia,Drought,5,,,,,,7.2,24.355,9,,,,10.7,56.80375,,,,,9.8,11.5,71.79645833,,,,,,,,,,,,,,,,,,,,,,,,,10.5,61.69923611,14.1,57.11013889,12,43.06083333
2970.10,2970,popenoi,Control,5,,,,,,7.9,13.48805556,8.9,,,,7.1,37.80493056,,,,,8,9,41.60104167,,,,,,,,,,,,,,,,,,,,,,,,,6.4,42.23173611,9.9,40.71881944,11.5,32.27833333
2970.4,2970,popenoi,Drought,5,,,,,,8.3,12.07305556,11.5,,,,9.5,31.08458333,,,,,10.1,10.5,41.27138889,,,,,,,,,,,,,,,,,,,,,,,,,9.7,33.73631944,14.9,34.71229167,14.5,29.16034722
588155.01.3,588155.01,palmata,Drought,5,,,,,,15.3,11.19666667,15,,,,18.3,34.32486111,,,,,20.6,17,32.82694444,18.4,,,,,,,,,,,,,,,,,,,,,,,,>25,36.25423611,34.5,20.893125,26.8,26.55854167
588155.01.7,588155.01,palmata,Control,5,,,,,,,not enough leaves,,,,,12.7,29.96194444,,,,,9.9,11,41.33083333,,,,,,,,,,,,,,,,,,,,,,,,,8.9,39.57576389,14,25.64569444,16.5,25.93743056
9018.2,9018,acerifolia,Drought,5,,,,,,,not enough leaves,11,,,,10,33.25548611,,,,,10.2,11.5,34.48409722,,,,,,,,,,,,,,,,,,,,,,,,,11.5,40.05861111,14.4,23.19145833,14.5,21.36090278
9018.7,9018,acerifolia,Control,5,,,,,,7,16.52138889,,7.3,,,8.9,39.05368056,,,,,8.1,10.5,76.67409722,,,,,,,,,,,,,,,,,,,,,,,,,7.2,52.38138889,14,44.67333333,12,71.15333333
9025.2,9025,cinerea,Drought,5,,,,,,7.3,15.18833333,11.8,,,,9.9,37.819375,,,,,11.9,15.5,25.40979167,,,,,,,,,,,,,,,,,,,,,,,,,11.9,27.28256944,15.4,39.08798611,17.4,31.71527778
9025.6,9025,cinerea,Control,5,,,,,,,not enough leaves,,,,,,not enough leaves,,,,,6.5,9.5,39.11430556,,,,,,,,,,,,,,,,,,,,,,,,,5.1,82.28416667,10.4,41.77770833,12.5,73.05493056
9031.3,9031,berlandieri,Drought,5,,,,,,10.8,16.54444444,11.9,,,,15.3,51.35416667,,,,,11.8,9.5,86.44493056,,,,,,,,,,,,,,,,,,,,,,,,,14.2,39.86368056,17,40.27215278,17,35.78493056
9031.8,9031,berlandieri,Control,5,,,,,,10.3,21.43361111,9.9,,,,12.5,53.16826389,,,,,8.9,12,90.86472222,,,,,,,,,,,,,,,,,,,,,,,,,9.5,53.00194444,11,84.53520833,10.5,55.56972222
9035.4,9035,berlandieri,Drought,5,,,,,,7.9,25.78416667,8.8,,,,11.7,71.02708333,,,,,8.9,18,195.7133333,,,,,,,,,,,,,,,,,,,,,,,,,8.9,89.92479167,12.9,52.781875,14,49.28388889
9035.6,9035,berlandieri,Control,5,,,,,,6.6,17.19416667,8.7,,,,7.9,77.85041667,,,,,6.6,9.5,152.155625,,,,,,,,,,,,,,,,,,,,,,,,,3.7,200.3682639,10.9,237.7349306,11,88.49034722
ANU65.5,ANU65,arizonica,Drought,5,,,,,,7.8,10.52277778,7,,,,7.3,25.65361111,,,,,10.8,10.5,18.21305556,,,,,,,,,,,,,,,,,,,,,,,,,9.5,34.50972222,13.2,26.02451389,15.4,27.24180556
ANU65.7,ANU65,arizonica,Control,5,,,,,,7.8,19.82055556,11,,,,8.1,38.79534722,,,,,,9.5,77.29006944,7.4,,,,,,,,,,,,,,,,,,,,,,,,6.1,73.449375,12.9,54.12326389,12,87.31034722
b40-14.4,b40-14,arizonica,Drought,5,,,,,,12.3,9.885833333,DO TOMORROW v high,,,,17.8,28.88236111,,,,,17.7,15.5,MISSING,,,,,,,,,,,,,,,,,,,,,,,,,,,,,,
b40-14.8,b40-14,arizonica,Control,5,,,,,,9.7,15.24833333,10,,,,12.2,32.72486111,,,,,,13,48.99708333,7.5,,,,,,,,,,,,,,,,,,,,,,,,3,MISSING,19.7,43.19840278,15,38.99833333
b42-24.4,b42-24,peninsularis,Drought,5,,,,,,12.1,11.07222222,13.5,,,,12.5,40.35243056,,,,,12.6,15.5,39.68375,,,,,,,,,,,,,,,,,,,,,,,,,10,38.83833333,12.2,42.52152778,14,32.33583333
b42-24.9,b42-24,peninsularis,Control,5,,,,,,8.5,17.37722222,10,,,,9.6,57.37631944,,,,,8.7,7,71.67125,,,,,,,,,,,,,,,,,,,,,,,,,6.9,56.28361111,10,45.87416667,,
b42-34.3,b42-34,cinerea,Drought,5,,,,,,13.6,13.9925,DO TOMORROW,11.1,,,15.5,38.39111111,,,,,14.7,14,37.00631944,,,,,,,,,,,,,,,,,,,,,,,,,17.1,33.14340278,15,44.44284722,19.1,32.778125
b42-34.8,b42-34,cinerea,Control,5,,,,,,7.6,9.992222222,9.9,,,,8.8,29.94590278,,,,,9.6,12,31.71645833,,,,,,,,,,,,,,,,,,,,,,,,,7.4,42.17541667,9.8,45.60729167,12,49.34090278
C56-94.4,C56-94,rotundifolia var. munsoniana,Drought,5,,,,,,8.7,12.52416667,9.1,,,,8.9,32.51909722,,,,,11,10.5,31.08472222,,,,,,,,,,,,,,,,,,,,,,,,,9,37.180625,12.9,36.96159722,11.5,38.13736111
C56-94.9,C56-94,rotundifolia var. munsoniana,Control,5,,,,,,9.3,16.85416667,13.6,,,,7.6,38.05048611,,,,,7,10,48.02368056,,,,,,,,,,,,,,,,,,,,,,,,,7.2,33.17534722,12.3,33.96958333,12.5,36.85736111
CC12.10,CC12,californica,Control,5,,,,,,7.5,18.53666667,7.9,,,,8,69.07083333,,,,,4.7,8,99.43638889,,,,,,,,,,,,,,,,,,,,,,,,,5.4,80.6425,9.5,75.226875,11.5,71.30118056
CC12.5,CC12,californica,Drought,5,,,,,,8.3,21.55638889,,,,,13,59.58923611,,,,,10.4,15,80.56159722,,,,,,,,,,,,,,,,,,,,,,,,,NA,,,,16.5,MISSING
Haines.2,Haines,shuttleworthii,Drought,5,,,,,,7.9,19.86277778,,8.4,,,,not enough leaves,,,,,insufficient leaves,14,53.14805556,,,,,,,,,,,,,,,,,,,,,,,,,18.1,44.95659722,17.7,19.74277778,17,31.008125
Haines.6,Haines,shuttleworthii,Control,5,,,,,,,not enough leaves,,,,,,not enough leaves,,,,,6.5,7.5,47.41361111,,,,,,,,,,,,,,,,,,,,,,,,,5.4,66.32284722,10.5,76.31909722,13,83.08458333
Haines2.3,Hanes2,shuttleworthii,Drought,5,,,,,,10.5,23.25083333,12.2,,,,13.5,67.48875,,,,,16.1,17,22.80527778,,,,,,,,,,,,,,,,,,,,,,,,,13?,14.77972222,,,23.5,49.42048611
NY1.3,NY1,riparia,Drought,5,,,,,,10.3,15.98055556,11.8,,,,13.4,44.70722222,11.1,,,,18.1,12.5,46.65576389,,,,,,,,,,,,,,,,,,,,,,,,,16.4,48.14743056,>20,,20,35.12020833
NY1.7,NY1,riparia,Control,5,,,,,,7.7,19.95138889,8,,,,10.1,61.60902778,8.4,,,,8,9.5,83.23729167,,,,,,,,,,,,,,,,,,,,,,,,,6.2,71.29395833,13,80.93138889,14.8,58.86895833
OCK1-S02.5,OCK1-S02,acerifolia,Drought,5,,,,,,,not enough leaves,,,,,11.9,34.76104167,,,,,8.5,14,63.11388889,,,,,,,,,,,,,,,,,,,,,,,,,7,43.53986111,13.1,37.07416667,15.2,35.26138889
OCK1-S02.7,OCK1-S02,acerifolia,Control,5,,,,,,7.3,35.88888889,7.9,,,,9.4,85.43520833,,,,,6.2,12,MISSING,,,,,,,,,,,,,,,,,,,,,,,,,5,98.96145833,12.5,92.70729167,13.5,65.00722222
SC2.2,SC2,girdiana,Drought,5,,,,,,8.8,17.56416667,7.9,,,,12.5,46.40340278,,,,,12.8,13,39.11777778,,,,,,,,,,,,,,,,,,,,,,,,,15.1,33.64194444,16,30.310625,14,42.90805556
SC2.6,SC2,girdiana,Control,5,,,,,,6.4,16.865,9,,,,6.8,44.83090278,,,,,20.2,18,MISSING,,,,,,,,,,,,,,,,,,,,,,,,,,,,,,
T48.5,T48,mustangensis,Drought,5,,,,,,8.3,13.98555556,8.8,,,,9.6,54.91895833,12.8,,,,10.7,14,39.46416667,,,,,,,,,,,,,,,,,,,,,,,,,8.5,43.908125,12.5,32.44097222,11.5,75.27201389
T48.9,T48,mustangensis,Control,5,,,,,,8.2,18.1175,,,,,10.3,57.28777778,,,,,broken petiole,11,49.60131944,7.6,,,,,,,,,,,,,,,,,,,,,,,,6.6,76.03472222,12.4,78.83902778,11,49.27409722
T52.2,T52,aestivalis,Drought,5,,,,,,8.2,15.30666667,10,,,,9.7,38.89194444,,,,,9.4,12,40.01340278,,,,,,,,,,,,,,,,,,,,,,,,,11.7,29.42645833,14,39.36305556,15,39.73111111
T52.9,T52,aestivalis,Control,5,,,,,,8.5,18.81388889,9,,,,12.1,44.748125,,,,,7.9,11,67.72111111,,,,,,,,,,,,,,,,,,,,,,,,,7.7,49.63534722,11.4,53.82173611,11,64.38451389
TX6704.10,TX6704,monticola,Control,5,,,,,,9.3,13.91138889,8.5,,,,7.8,38.82569444,,,,,6.8,11.5,62.58076389,,,,,,,,,,,,,,,,,,,,,,,,,6.3,82.38465278,12.1,49.89222222,10,56.88291667
TX6704.4,TX6704,monticola,Drought,5,,,,,,9.8,10.85833333,9.9,,,,12.2,32.87965278,,,,,13.2,18,29.22180556,,,,,,,,,,,,,,,,,,,,,,,,,13.1,26.70881944,16.1,28.94979167,20.5,22.66729167
TXNM0821.6,TXNM0821,riparia,Control,5,,,,,,6.5,21.45138889,5.5,,,,8.9,55.42680556,,,,,6.7,12,94.75618056,,,,,,,,,,,,,,,,,,,,,,,,,6.3,110.0665278,12,86.43868056,13,60.43590278
UT12-075.4,UT12-075,girdiana,Drought,5,,,,,,,dead,,,,,,,,,,,,,,,,,,,,,,,,,,,,,,,,,,,,,,,,,,,
UT12-075.7,UT12-075,girdiana,Control,5,,,,,,,not enough leaves,,,,,,not enough leaves,,,,,6.9,10,71.99465278,,,,,,,,,,,,,,,,,,,,,,,,,4.6,54.12041667,9,58.03395833,10.5,61.06208333
V57-96.1,V57-96,vulpina,Drought,5,,,,,,8.1,10.93027778,11.8,,,,,not enough leaves,,,,,12.3,12,34.96763889,,,,,,,,,,,,,,,,,,,,,,,,,,,11.2,40.77145833,16,31.15451389
V57-96.7,V57-96,vulpina,Control,5,,,,,,8.4,21.93527778,10.4,,,,10.6,79.02222222,,,,,9.5,8.5,49.25354167,,,,,,,,,,,,,,,,,,,,,,,,,6.5,70.88854167,11.1,52.79451389,14,63.10166667
V60-96.10,V60-96,vulpina,Control,5,,,,,,,not enough leaves,,,,,,not enough leaves,10.1,,,,9.1,7,66.28826389,,,,,,,,,,,,,,,,,,,,,,,,,6.1,77.38125,11.6,43.8625,12,80.83868056
V60-96.5,V60-96,vulpina,Drought,5,,,,,,8.3,12.56416667,10.8,,,,,not enough leaves,10.5,,,,insufficient leaves,13.5,22.99159722,,,,,,,,,,,,,,,,,,,,,,,,,12.1,45.08770833,13.6,34.83131944,13.5,22.22395833
Vru42.4,Vru42,rupestris,Drought,5,,,,,,8.4,13.41916667,10.7,,,,15.4,30.29263889,,,,,9.9,14,29.20222222,,,,,,,,,,,,,,,,,,,,,,,,,12.8,27.68916667,16.5,15.06354167,15.2,20.39006944
Vru42.7,Vru42,rupestris,Control,5,,,,,,8.5,14.14166667,10,,,,10.4,MISSING,9.48,,,,8.3,14,41.96194444,,,,,,,,,,,,,,,,,,,,,,,,,6.8,37.49631944,15.5,36.14375,17,32.92847222
EP.1,,,Control,,,,,,,,,,,,,,,,,,,,,,,,,,,,,,,,,,,,,,,,,,,,,,,,,,,
EP.10,,,Drought,,,,,,,,,,,,,,,,,,,,,,,,,,,,,,,,,,,,,,,,,,,,,,,,,,,
EP.2,,,Drought,,,,,,,,,,,,,,,,,,,,,,,,,,,,,,,,,,,,,,,,,,,,,,,,,,,
EP.3,,,Control,,,,,,,,,,,,,,,,,,,,,,,,,,,,,,,,,,,,,,,,,,,,,,,,,,,
EP.4,,,Drought,,,,,,,,,,,,,,,,,,,,,,,,,,,,,,,,,,,,,,,,,,,,,,,,,,,
EP.5,,,Control,,,,,,,,,,,,,,,,,,,,,,,,,,,,,,,,,,,,,,,,,,,,,,,,,,,
EP.6,,,Drought,,,,,,,,,,,,,,,,,,,,,,,,,,,,,,,,,,,,,,,,,,,,,,,,,,,
EP.7,,,Control,,,,,,,,,,,,,,,,,,,,,,,,,,,,,,,,,,,,,,,,,,,,,,,,,,,
EP.8,,,Drought,,,,,,,,,,,,,,,,,,,,,,,,,,,,,,,,,,,,,,,,,,,,,,,,,,,
EP.9,,,Control,,,,,,,,,,,,,,,,,,,,,,,,,,,,,,,,,,,,,,,,,,,,,,,,,,,