"","ID","Genotype","Treatment","Date","LWP","SWP","PD","LWP.area","SWP.area","PD.area","species_geno"
"1","9018.5","9018","Drought",11.9,"10,000",NA,NA,13.865,NA,NA,"9018"
"2","9018.6","9018","Control",11.9,"6,900",NA,NA,17.65638889,NA,NA,"9018"
"3","b40-14.1","b40-14","Drought",11.9,"10,100",NA,NA,10.625,NA,NA,"b40-14"
"4","b40-14.10","b40-14","Control",11.9,"8,600",NA,NA,15.54694444,NA,NA,"b40-14"
"5","b42-34.2","b42-34","Drought",11.9,"8,000",NA,NA,14.11083333,NA,NA,"b42-34"
"6","b42-34.6","b42-34","Control",11.9,"8,900",NA,NA,12.33722222,NA,NA,"b42-34"
"7","NY1.1","NY1","Drought",11.9,"9,100",NA,NA,14.5675,NA,NA,"NY1"
"8","NY1.6","NY1","Control",11.9,"7,400",NA,NA,16.89472222,NA,NA,"NY1"
"9","T48.4","T48","Drought",11.9,"9,000",NA,NA,26.12222222,NA,NA,"T48"
"10","T48.7","T48","Control",11.9,"11,000",NA,NA,22.195,NA,NA,"T48"
"11","T52.3","T52","Drought",11.9,"10,500",NA,NA,16.80305556,NA,NA,"T52"
"12","T52.7","T52","Control",11.9,"9,600",NA,NA,19.12694444,NA,NA,"T52"
"13","TXNM0821.10","TXNM0821","Control",11.9,"10,400",NA,NA,22.07805556,NA,NA,"TXNM0821"
"14","TXNM0821.4","TXNM0821","Drought",11.9,"8,600",NA,NA,28.69305556,NA,NA,"TXNM0821"
"15","V60-96.3","V60-96","Drought",11.9,"8,100",NA,NA,22.3175,NA,NA,"V60-96"
"16","Vru42.1","Vru42","Drought",11.9,"9,200",NA,NA,13.06861111,NA,NA,"Vru42"
"17","Vru42.10","Vru42","Control",11.9,"11,000",NA,NA,11.25055556,NA,NA,"Vru42"
"18","9018.3","9018","Drought",11.1,"10,200",NA,NA,62.49277778,NA,NA,"9018"
"19","9018.8","9018","Control",11.1,"10,900",NA,NA,33.30666667,NA,NA,"9018"
"20","b40-14.2","b40-14","Drought",11.1,"11,900",NA,NA,46.63,NA,NA,"b40-14"
"21","b40-14.6","b40-14","Control",11.1,"10,800",NA,NA,52.86722222,NA,NA,"b40-14"
"22","b42-34.1","b42-34","Drought",11.1,"9,500",NA,NA,38.07166667,NA,NA,"b42-34"
"23","b42-34.9","b42-34","Control",11.1,"14,400",NA,NA,36.50555556,NA,NA,"b42-34"
"24","NY1.5","NY1","Drought",11.1,"11,700",NA,NA,36.89694444,NA,NA,"NY1"
"25","NY1.9","NY1","Control",11.1,"10,400",NA,NA,54.46138889,NA,NA,"NY1"
"26","T48.2","T48","Drought",11.1,"9,700",NA,NA,68.03972222,NA,NA,"T48"
"27","T48.6","T48","Control",11.1,"10,200",NA,NA,81.09805556,NA,NA,"T48"
"28","T52.1","T52","Drought",11.1,"8,400",NA,NA,59.03555556,NA,NA,"T52"
"29","T52.6","T52","Control",11.1,"12,000",NA,NA,47.10444444,NA,NA,"T52"
"30","TXNM0821.3","TXNM0821","Drought",11.1,"9,100",NA,NA,53.83472222,NA,NA,"TXNM0821"
"31","TXNM0821.7","TXNM0821","Control",11.1,"10,400",NA,NA,64.2225,NA,NA,"TXNM0821"
"32","Vru42.6","Vru42","Control",11.1,"12,300",NA,NA,NA,NA,NA,"Vru42"
"33","9018.10","9018","Control",11.1,"11,600",NA,NA,55.03861111,NA,NA,"9018"
"34","9018.4","9018","Drought",11.1,"13,600",NA,NA,51.08444444,NA,NA,"9018"
"35","b40-14.3","b40-14","Drought",11.1,"13,400",NA,NA,37.44277778,NA,NA,"b40-14"
"36","b40-14.9","b40-14","Control",11.1,"12,900",NA,NA,NA,NA,NA,"b40-14"
"37","b42-34.10","b42-34","Control",11.1,"12,100",NA,NA,8.789722222,NA,NA,"b42-34"
"38","b42-34.5","b42-34","Drought",11.1,"11,500",NA,NA,52.17583333,NA,NA,"b42-34"
"39","NY1.2","NY1","Drought",11.1,"12,000",NA,NA,52.78055556,NA,NA,"NY1"
"40","NY1.8","NY1","Control",11.1,"12,200",NA,NA,66.74083333,NA,NA,"NY1"
"41","T48.1","T48","Drought",11.1,"10,700",NA,NA,45.37138889,NA,NA,"T48"
"42","T52.10","T52","Control",11.1,"10,100",NA,NA,68.55694444,NA,NA,"T52"
"43","T52.4","T52","Drought",11.1,"12,500",NA,NA,68.58583333,NA,NA,"T52"
"44","TXNM0821.2","TXNM0821","Drought",11.1,"11,600",NA,NA,95.31805556,NA,NA,"TXNM0821"
"45","TXNM0821.9","TXNM0821","Control",11.1,"10,000",NA,NA,105.0425,NA,NA,"TXNM0821"
"46","Vru42.2","Vru42","Drought",11.1,"12,300",NA,NA,36.4,NA,NA,"Vru42"
"47","9018.1","9018","Drought",11.11,"9,500",NA,NA,17.58388889,NA,NA,"9018"
"48","9018.9","9018","Control",11.11,"9,000",NA,NA,24.24166667,NA,NA,"9018"
"49","b40-14.5","b40-14","Drought",11.11,"7,500",NA,NA,16.37777778,NA,NA,"b40-14"
"50","b40-14.7","b40-14","Control",11.11,"8,500",NA,NA,15.66444444,NA,NA,"b40-14"
"51","b42-34.4","b42-34","Drought",11.11,"12,000",NA,NA,19.22166667,NA,NA,"b42-34"
"52","b42-34.7","b42-34","Control",11.11,"11,500",NA,NA,12.79416667,NA,NA,"b42-34"
"53","NY1.10","NY1","Control",11.11,"11,500",NA,NA,34.20027778,NA,NA,"NY1"
"54","NY1.4","NY1","Drought",11.11,"10,000",NA,NA,23.61555556,NA,NA,"NY1"
"55","T48.10","T48","Control",11.11,"9,000",NA,NA,17.81722222,NA,NA,"T48"
"56","T48.3","T48","Drought",11.11,"10,500",NA,NA,25.03805556,NA,NA,"T48"
"57","T52.5","T52","Drought",11.11,"10,000",NA,NA,21.085,NA,NA,"T52"
"58","T52.8","T52","Control",11.11,"8,100",NA,NA,19.79138889,NA,NA,"T52"
"59","TXNM0821.1","TXNM0821","Drought",11.11,"9,000",NA,NA,27.77111111,NA,NA,"TXNM0821"
"60","TXNM0821.5","TXNM0821","Control",11.11,"6,500",NA,NA,34.87861111,NA,NA,"TXNM0821"
"61","TXNM0821.8","TXNM0821","Drought",11.11,"9,500",NA,NA,30.64,NA,NA,"TXNM0821"
"62","V60-96.4","V60-96","Drought",11.11,"6,500",NA,NA,18.6925,NA,NA,"V60-96"
"63","Vru42.3","Vru42","Drought",11.11,"10,000",NA,NA,12.06083333,NA,NA,"Vru42"
"64","Vru42.9","Vru42","Control",11.11,"10,000",NA,NA,9.5225,NA,NA,"Vru42"
"65","9018.7","9018","Control",11.11,"7,000",NA,NA,16.52138889,NA,NA,"9018"
"66","b40-14.4","b40-14","Drought",11.11,"12,300",NA,NA,9.885833333,NA,NA,"b40-14"
"67","b40-14.8","b40-14","Control",11.11,"9,700",NA,NA,15.24833333,NA,NA,"b40-14"
"68","b42-34.3","b42-34","Drought",11.11,"13,600",NA,NA,13.9925,NA,NA,"b42-34"
"69","b42-34.8","b42-34","Control",11.11,"7,600",NA,NA,9.992222222,NA,NA,"b42-34"
"70","NY1.3","NY1","Drought",11.11,"10,300",NA,NA,15.98055556,NA,NA,"NY1"
"71","NY1.7","NY1","Control",11.11,"7,700",NA,NA,19.95138889,NA,NA,"NY1"
"72","T48.5","T48","Drought",11.11,"8,300",NA,NA,13.98555556,NA,NA,"T48"
"73","T48.9","T48","Control",11.11,"8,200",NA,NA,18.1175,NA,NA,"T48"
"74","T52.2","T52","Drought",11.11,"8,200",NA,NA,15.30666667,NA,NA,"T52"
"75","T52.9","T52","Control",11.11,"8,500",NA,NA,18.81388889,NA,NA,"T52"
"76","TXNM0821.6","TXNM0821","Control",11.11,"6,500",NA,NA,21.45138889,NA,NA,"TXNM0821"
"77","V60-96.5","V60-96","Drought",11.11,"8,300",NA,NA,12.56416667,NA,NA,"V60-96"
"78","Vru42.4","Vru42","Drought",11.11,"8,400",NA,NA,13.41916667,NA,NA,"Vru42"
"79","Vru42.7","Vru42","Control",11.11,"8,500",NA,NA,14.14166667,NA,NA,"Vru42"
"80","9018.5","9018","Drought",11.16,"11,700",NA,NA,25.71104167,NA,NA,"9018"
"81","9018.6","9018","Control",11.16,"10,900",NA,NA,58.88131944,NA,NA,"9018"
"82","b40-14.1","b40-14","Drought",11.16,"10,300",NA,NA,31.51347222,NA,NA,"b40-14"
"83","b42-34.2","b42-34","Drought",11.16,"12,700",NA,NA,28.66465278,NA,NA,"b42-34"
"84","b42-34.6","b42-34","Control",11.16,"14,000",NA,NA,37.10791667,NA,NA,"b42-34"
"85","NY1.1","NY1","Drought",11.16,"12,900",NA,NA,49.27194444,NA,NA,"NY1"
"86","NY1.6","NY1","Control",11.16,"12,300",NA,NA,43.54118056,NA,NA,"NY1"
"87","T48.4","T48","Drought",11.16,"9,400",NA,NA,73.28659722,NA,NA,"T48"
"88","T48.7","T48","Control",11.16,"12,000",NA,NA,51.755,NA,NA,"T48"
"89","T52.3","T52","Drought",11.16,"12,300",NA,NA,35.34625,NA,NA,"T52"
"90","T52.7","T52","Control",11.16,"10,200",NA,NA,51.18833333,NA,NA,"T52"
"91","TXNM0821.4","TXNM0821","Drought",11.16,"9,000",NA,NA,69.32284722,NA,NA,"TXNM0821"
"92","V60-96.3","V60-96","Drought",11.16,"11,000",NA,NA,71.74368056,NA,NA,"V60-96"
"93","Vru42.1","Vru42","Drought",11.16,"11,800",NA,NA,32.60020833,NA,NA,"Vru42"
"94","Vru42.10","Vru42","Control",11.16,"13,600",NA,NA,32.46743056,NA,NA,"Vru42"
"95","9018.3","9018","Drought",11.16,"9,500",NA,NA,59.73166667,NA,NA,"9018"
"96","9018.8","9018","Control",11.16,"10,000",NA,NA,55.40881944,NA,NA,"9018"
"97","b40-14.2","b40-14","Drought",11.16,"13,300",NA,NA,52.355,NA,NA,"b40-14"
"98","b40-14.6","b40-14","Control",11.16,"12,500",NA,NA,42.77875,NA,NA,"b40-14"
"99","b42-34.1","b42-34","Drought",11.16,"13,200",NA,NA,48.89791667,NA,NA,"b42-34"
"100","b42-34.9","b42-34","Control",11.16,"11,400",NA,NA,49.47229167,NA,NA,"b42-34"
"101","NY1.5","NY1","Drought",11.16,"11,000",NA,NA,46.86118056,NA,NA,"NY1"
"102","NY1.9","NY1","Control",11.16,"13,000",NA,NA,57.08729167,NA,NA,"NY1"
"103","T48.2","T48","Drought",11.16,"8,300",NA,NA,63.34069444,NA,NA,"T48"
"104","T48.6","T48","Control",11.16,"11,100",NA,NA,96.29986111,NA,NA,"T48"
"105","T52.1","T52","Drought",11.16,"8,400",NA,NA,59.85166667,NA,NA,"T52"
"106","T52.6","T52","Control",11.16,"12,600",NA,NA,42.52909722,NA,NA,"T52"
"107","TXNM0821.3","TXNM0821","Drought",11.16,"10,000",NA,NA,50.38444444,NA,NA,"TXNM0821"
"108","TXNM0821.7","TXNM0821","Control",11.16,"8,200",NA,NA,61.72638889,NA,NA,"TXNM0821"
"109","V60-96.7","V60-96","Control",11.16,"9,000",NA,NA,19.70048611,NA,NA,"V60-96"
"110","Vru42.5","Vru42","Drought",11.16,"11,000",NA,NA,33.80770833,NA,NA,"Vru42"
"111","9018.10","9018","Control",11.16,"10,300",NA,NA,61.45875,NA,NA,"9018"
"112","9018.4","9018","Drought",11.16,"7,400",NA,NA,45.71479167,NA,NA,"9018"
"113","b40-14.3","b40-14","Drought",11.16,"11,000",NA,NA,46.81013889,NA,NA,"b40-14"
"114","b40-14.9","b40-14","Control",11.16,"13,300",NA,NA,39.57618056,NA,NA,"b40-14"
"115","b42-34.10","b42-34","Control",11.16,"11,100",NA,NA,30.40395833,NA,NA,"b42-34"
"116","TXNM0821.2","TXNM0821","Drought",11.16,"8,200",NA,NA,81.04034722,NA,NA,"TXNM0821"
"117","Vru42.8","Vru42","Control",11.16,"11,900",NA,NA,31.48409722,NA,NA,"Vru42"
"118","NY1.2","NY1","Drought",11.17,"8,900",NA,NA,54.65625,NA,NA,"NY1"
"119","NY1.8","NY1","Control",11.17,"14,900",NA,NA,61.22534722,NA,NA,"NY1"
"120","T48.1","T48","Drought",11.17,"11,300",NA,NA,55.48416667,NA,NA,"T48"
"121","T52.10","T52","Control",11.17,"9,200",NA,NA,94.51618056,NA,NA,"T52"
"122","T52.4","T52","Drought",11.17,"12,400",NA,NA,59.49354167,NA,NA,"T52"
"123","TXNM0821.9","TXNM0821","Control",11.17,"8,400",NA,NA,96.01854167,NA,NA,"TXNM0821"
"124","V60-96.6","V60-96","Control",11.17,"10,600",NA,NA,35.56048611,NA,NA,"V60-96"
"125","Vru42.2","Vru42","Drought",11.17,"12,100",NA,NA,35.329375,NA,NA,"Vru42"
"126","9018.1","9018","Drought",11.17,"8,200",NA,NA,89.04451389,NA,NA,"9018"
"127","9018.9","9018","Control",11.17,"7,600",NA,NA,85.06381944,NA,NA,"9018"
"128","b40-14.5","b40-14","Drought",11.17,"12,500",NA,NA,36.24138889,NA,NA,"b40-14"
"129","b40-14.7","b40-14","Control",11.17,"12,400",NA,NA,47.84597222,NA,NA,"b40-14"
"130","b42-34.4","b42-34","Drought",11.17,"13,400",NA,NA,50.11354167,NA,NA,"b42-34"
"131","b42-34.7","b42-34","Control",11.17,"9,600",NA,NA,36.73291667,NA,NA,"b42-34"
"132","NY1.10","NY1","Control",11.17,"14,100",NA,NA,89.38645833,NA,NA,"NY1"
"133","NY1.4","NY1","Drought",11.17,"10,200",NA,NA,72.65048611,NA,NA,"NY1"
"134","T48.10","T48","Control",11.17,"9,300",NA,NA,70.84069444,NA,NA,"T48"
"135","T48.3","T48","Drought",11.17,"10,500",NA,NA,57.28333333,NA,NA,"T48"
"136","T52.5","T52","Drought",11.17,"11,900",NA,NA,51.235,NA,NA,"T52"
"137","T52.8","T52","Control",11.17,"8,300",NA,NA,80.23027778,NA,NA,"T52"
"138","TXNM0821.1","TXNM0821","Drought",11.17,"7,900",NA,NA,68.95027778,NA,NA,"TXNM0821"
"139","TXNM0821.5","TXNM0821","Control",11.17,"9,000",NA,NA,102.4066667,NA,NA,"TXNM0821"
"140","TXNM0821.8","TXNM0821","Drought",11.17,"7,500",NA,NA,88.27076389,NA,NA,"TXNM0821"
"141","V60-96.4","V60-96","Drought",11.17,"8,800",NA,NA,66.256875,NA,NA,"V60-96"
"142","V60-96.9","V60-96","Control",11.17,"8,800",NA,NA,47.30597222,NA,NA,"V60-96"
"143","Vru42.3","Vru42","Drought",11.17,"11,200",NA,NA,35.07833333,NA,NA,"Vru42"
"144","Vru42.9","Vru42","Control",11.17,"8,900",NA,NA,31.069375,NA,NA,"Vru42"
"145","9018.2","9018","Drought",11.17,"10,000",NA,NA,33.25548611,NA,NA,"9018"
"146","9018.7","9018","Control",11.17,"8,900",NA,NA,39.05368056,NA,NA,"9018"
"147","b40-14.8","b40-14","Control",11.17,"12,200",NA,NA,32.72486111,NA,NA,"b40-14"
"148","b42-34.8","b42-34","Control",11.17,"8,800",NA,NA,29.94590278,NA,NA,"b42-34"
"149","NY1.3","NY1","Drought",11.17,"13,400",NA,NA,44.70722222,NA,NA,"NY1"
"150","NY1.7","NY1","Control",11.17,"10,100",NA,NA,61.60902778,NA,NA,"NY1"
"151","T48.5","T48","Drought",11.17,"9,600",NA,NA,54.91895833,NA,NA,"T48"
"152","T48.9","T48","Control",11.17,"10,300",NA,NA,57.28777778,NA,NA,"T48"
"153","T52.2","T52","Drought",11.17,"9,700",NA,NA,38.89194444,NA,NA,"T52"
"154","T52.9","T52","Control",11.17,"12,100",NA,NA,44.748125,NA,NA,"T52"
"155","TXNM0821.6","TXNM0821","Control",11.17,"8,900",NA,NA,55.42680556,NA,NA,"TXNM0821"
"156","Vru42.7","Vru42","Control",11.17,"10,400",NA,NA,NA,NA,NA,"Vru42"
"157","9018.5","9018","Drought",12.1,"11,100",NA,"8,30",25.72770833,NA,NA,"9018"
"158","9018.6","9018","Control",12.1,"13,800",NA,"9,00",90.75826389,NA,NA,"9018"
"159","b40-14.1","b40-14","Drought",12.1,"12,000",NA,"8,50",22.68951389,NA,NA,"b40-14"
"160","b40-14.10","b40-14","Control",12.1,"10,600",NA,"8,30",19.46965278,NA,NA,"b40-14"
"161","b42-34.2","b42-34","Drought",12.1,"14,900",NA,"11,00",36.16215278,NA,NA,"b42-34"
"162","b42-34.6","b42-34","Control",12.1,"14,900",NA,"11,50",46.99569444,NA,NA,"b42-34"
"163","T48.4","T48","Drought",12.1,"10,500",NA,"8,50",54.57826389,NA,NA,"T48"
"164","T48.7","T48","Control",12.1,"9,700",NA,"8,50",67.65590278,NA,NA,"T48"
"165","T52.3","T52","Drought",12.1,"13,500",NA,"10,10",46.91826389,NA,NA,"T52"
"166","T52.7","T52","Control",12.1,"10,700",NA,"8,00",59.80159722,NA,NA,"T52"
"167","TXNM0821.10","TXNM0821","Control",12.1,"12,300",NA,"6,70",108.2430556,NA,NA,"TXNM0821"
"168","TXNM0821.4","TXNM0821","Drought",12.1,"9,700",NA,"5,40",88.56618056,NA,NA,"TXNM0821"
"169","V60-96.3","V60-96","Drought",12.1,"10,700",NA,"8,90",28.48513889,NA,NA,"V60-96"
"170","V60-96.8","V60-96","Control",12.1,"13,100",NA,"10,00",82.92013889,NA,NA,"V60-96"
"171","9018.3","9018","Drought",12.1,"10,500",NA,"7,20",52.70770833,NA,NA,"9018"
"172","b40-14.6","b40-14","Control",12.1,"11,500",NA,"7,30",25.11229167,NA,NA,"b40-14"
"173","b42-34.1","b42-34","Drought",12.1,"14,500",NA,"10,00",44.31763889,NA,NA,"b42-34"
"174","b42-34.9","b42-34","Control",12.1,"11,000",NA,"8,40",45.14291667,NA,NA,"b42-34"
"175","NY1.5","NY1","Drought",12.1,"13,500",NA,"6,80",44.74347222,NA,NA,"NY1"
"176","T48.2","T48","Drought",12.1,"14,500",NA,"7,30",43.514375,NA,NA,"T48"
"177","T48.6","T48","Control",12.1,"13,500",NA,"8,60",99.19736111,NA,NA,"T48"
"178","T52.1","T52","Drought",12.1,"12,000",NA,"6,40",70.29430556,NA,NA,"T52"
"179","T52.6","T52","Control",12.1,"13,500",NA,"6,80",71.40847222,NA,NA,"T52"
"180","TXNM0821.3","TXNM0821","Drought",12.1,"13,000",NA,"6,40",60.51208333,NA,NA,"TXNM0821"
"181","TXNM0821.7","TXNM0821","Control",12.1,"11,000",NA,"7,10",128.230625,NA,NA,"TXNM0821"
"182","V60-96.1","V60-96","Drought",12.1,"11,500",NA,NA,49.64895833,NA,NA,"V60-96"
"183","V60-96.7","V60-96","Control",12.1,"10,500",NA,"7,50",78.66208333,NA,NA,"V60-96"
"184","Vru42.5","Vru42","Drought",12.1,"12,000",NA,"8,40",40.19444444,NA,NA,"Vru42"
"185","Vru42.6","Vru42","Control",12.1,"14,500",NA,"8,00",39.23298611,NA,NA,"Vru42"
"186","9018.10","9018","Control",12.1,"11,400",NA,"7,80",49.22215278,NA,NA,"9018"
"187","9018.4","9018","Drought",12.1,"9,500",NA,"7,80",43.63069444,NA,NA,"9018"
"188","b40-14.3","b40-14","Drought",12.1,"13,700",NA,"9,00",NA,NA,NA,"b40-14"
"189","b40-14.9","b40-14","Control",12.1,"11,100",NA,"8,80",NA,NA,NA,"b40-14"
"190","b42-34.10","b42-34","Control",12.1,"13,100",NA,"10,00",24.91930556,NA,NA,"b42-34"
"191","TXNM0821.2","TXNM0821","Drought",12.1,"11,500",NA,NA,98.75326389,NA,NA,"TXNM0821"
"192","Vru42.8","Vru42","Control",12.1,"14,500",NA,"8,50",NA,NA,NA,"Vru42"
"193","NY1.2","NY1","Drought",12.2,"12,900",NA,"6,20",60.62541667,NA,NA,"NY1"
"194","NY1.8","NY1","Control",12.2,"9,800",NA,"8,40",95.56534722,NA,NA,"NY1"
"195","T48.1","T48","Drought",12.2,"14,100",NA,"7,10",54.37354167,NA,NA,"T48"
"196","T48.8","T48","Control",12.2,"9,200",NA,"4,50",76.46076389,NA,NA,"T48"
"197","T52.10","T52","Control",12.2,"10,700",NA,NA,73.09506944,NA,NA,"T52"
"198","T52.4","T52","Drought",12.2,"12,100",NA,"9,90",67.18520833,NA,NA,"T52"
"199","TXNM0821.9","TXNM0821","Control",12.2,"10,500",NA,"5,30",73.36569444,NA,NA,"TXNM0821"
"200","V60-96.6","V60-96","Control",12.2,"10,200",NA,"7,40",74.99493056,NA,NA,"V60-96"
"201","9018.1","9018","Drought",12.2,"12,700",NA,"7,90",45.90486111,NA,NA,"9018"
"202","9018.9","9018","Control",12.2,"14,400",NA,NA,40.71638889,NA,NA,"9018"
"203","b40-14.7","b40-14","Control",12.2,"12,200",NA,"6,00",23.79444444,NA,NA,"b40-14"
"204","b42-34.7","b42-34","Control",12.2,"11,700",NA,"7,90",34.86604167,NA,NA,"b42-34"
"205","NY1.10","NY1","Control",12.2,"14,500",NA,"6,00",47.27972222,NA,NA,"NY1"
"206","T48.10","T48","Control",12.2,"14,500",NA,"5,90",87.20597222,NA,NA,"T48"
"207","T48.3","T48","Drought",12.2,"11,700",NA,"9,60",59.034375,NA,NA,"T48"
"208","T52.8","T52","Control",12.2,"13,200",NA,"7,40",87.07569444,NA,NA,"T52"
"209","TXNM0821.1","TXNM0821","Drought",12.2,"11,500",NA,"7,50",80.65229167,NA,NA,"TXNM0821"
"210","TXNM0821.5","TXNM0821","Control",12.2,"11,600",NA,"4,90",NA,NA,NA,"TXNM0821"
"211","TXNM0821.8","TXNM0821","Drought",12.2,"13,500",NA,"6,50",54.26430556,NA,NA,"TXNM0821"
"212","V60-96.4","V60-96","Drought",12.2,"14,900",NA,"8,10",47.006875,NA,NA,"V60-96"
"213","V60-96.9","V60-96","Control",12.2,"13,200",NA,"6,20",NA,NA,NA,"V60-96"
"214","Vru42.9","Vru42","Control",12.2,"11,700",NA,"7,50",37.37083333,NA,NA,"Vru42"
"215","9018.2","9018","Drought",12.2,"11,500",NA,"10,20",34.48409722,NA,NA,"9018"
"216","9018.7","9018","Control",12.2,"10,500",NA,"8,10",76.67409722,NA,NA,"9018"
"217","b40-14.8","b40-14","Control",12.2,"13,000",NA,NA,48.99708333,NA,NA,"b40-14"
"218","b42-34.3","b42-34","Drought",12.2,"14,000",NA,"14,70",37.00631944,NA,NA,"b42-34"
"219","b42-34.8","b42-34","Control",12.2,"12,000",NA,"9,60",31.71645833,NA,NA,"b42-34"
"220","NY1.3","NY1","Drought",12.2,"12,500",NA,NA,46.65576389,NA,NA,"NY1"
"221","NY1.7","NY1","Control",12.2,"9,500",NA,"8,00",83.23729167,NA,NA,"NY1"
"222","T48.5","T48","Drought",12.2,"14,000",NA,"10,70",39.46416667,NA,NA,"T48"
"223","T48.9","T48","Control",12.2,"11,000",NA,NA,49.60131944,NA,NA,"T48"
"224","T52.2","T52","Drought",12.2,"12,000",NA,"9,40",40.01340278,NA,NA,"T52"
"225","T52.9","T52","Control",12.2,"11,000",NA,"7,90",67.72111111,NA,NA,"T52"
"226","TXNM0821.6","TXNM0821","Control",12.2,"12,000",NA,"6,70",94.75618056,NA,NA,"TXNM0821"
"227","V60-96.10","V60-96","Control",12.2,"7,000",NA,"9,10",66.28826389,NA,NA,"V60-96"
"228","V60-96.5","V60-96","Drought",12.2,"13,500",NA,NA,22.99159722,NA,NA,"V60-96"
"229","Vru42.4","Vru42","Drought",12.2,"14,000",NA,"9,90",29.20222222,NA,NA,"Vru42"
"230","Vru42.7","Vru42","Control",12.2,"14,000",NA,"8,30",41.96194444,NA,NA,"Vru42"
"231","9018.5","9018","Drought",12.11,"11,300","11,0","8,10",NA,44.59826389,44.51444444,"9018"
"232","9018.6","9018","Control",12.11,"7,000","9,4","6,70",NA,40.23388889,36.60055556,"9018"
"233","b40-14.10","b40-14","Control",12.11,"10,800","10,4","7,00",35.25944444,NA,23.37520833,"b40-14"
"234","b42-34.6","b42-34","Control",12.11,"13,900","11,5","5,80",30.39694444,NA,33.01541667,"b42-34"
"235","NY1.1","NY1","Drought",12.11,"11,600","12,0","7,10",33.53409722,NA,61.74125,"NY1"
"236","NY1.6","NY1","Control",12.11,"10,700","11,6",NA,93.96083333,NA,99.88951389,"NY1"
"237","T48.4","T48","Drought",12.11,"11,900","11,9","7,00",NA,57.34263889,65.72638889,"T48"
"238","T48.7","T48","Control",12.11,"9,900","9,2","4,80",66.94722222,NA,102.85125,"T48"
"239","T52.3","T52","Drought",12.11,"13,900","12,9","10,40",NA,44.03166667,43.93673611,"T52"
"240","T52.7","T52","Control",12.11,"11,400","8,5","3,90",67.46395833,NA,63.51458333,"T52"
"241","TXNM0821.10","TXNM0821","Control",12.11,"10,200","7,3","4,90",122.4475,NA,97.70715278,"TXNM0821"
"242","TXNM0821.4","TXNM0821","Drought",12.11,"9,300","9,9","4,10",NA,58.55208333,76.89895833,"TXNM0821"
"243","V60-96.3","V60-96","Drought",12.11,"13,300","13,2","6,40",NA,21.20104167,64.24951389,"V60-96"
"244","V60-96.8","V60-96","Control",12.11,"11,400","10,0","4,80",NA,60.32111111,59.99104167,"V60-96"
"245","Vru42.1","Vru42","Drought",12.11,"12,900",NA,"8,80",NA,27.85888889,27.61347222,"Vru42"
"246","Vru42.10","Vru42","Control",12.11,"12,900","12,0","6,80",26.3525,NA,20.43520833,"Vru42"
"247","9018.3","9018","Drought",12.11,"14,500",NA,NA,NA,NA,NA,"9018"
"248","T52.1","T52","Drought",12.11,"9,500",NA,NA,NA,NA,NA,"T52"
"249","V60-96.1","V60-96","Drought",12.11,"11,500",NA,NA,NA,NA,NA,"V60-96"
"250","Vru42.6","Vru42","Control",12.11,"5,457",NA,NA,NA,NA,NA,"Vru42"
"251","9018.3","9018","Drought",12.15,"14,500","13,2","8,30",42.22166667,NA,50.17895833,"9018"
"252","9018.8","9018","Control",12.15,"11,500","9,6","6,40",59.34645833,60.30756944,51.67430556,"9018"
"253","b40-14.6","b40-14","Control",12.15,"13,000","13,9","6,20",32.210625,51.10486111,32.11944444,"b40-14"
"254","b42-34.1","b42-34","Drought",12.15,"14,600",NA,"8,60",29.10715278,35.29972222,35.41236111,"b42-34"
"255","b42-34.9","b42-34","Control",12.15,"12,600","12,4","8,50",61.11465278,37.85194444,44.78736111,"b42-34"
"256","NY1.5","NY1","Drought",12.15,"12,900","10,6","6,30",38.95375,43.46381944,55.01347222,"NY1"
"257","NY1.9","NY1","Control",12.15,"14,600","7,4","8,00",52.84916667,71.47409722,109.7648611,"NY1"
"258","T48.2","T48","Drought",12.15,"7,500","14,5","7,00",68.15659722,54.58694444,63.80965278,"T48"
"259","T48.6","T48","Control",12.15,"12,600","12,0","6,20",94.50506944,63.89354167,86.07256944,"T48"
"260","T52.1","T52","Drought",12.15,"9,500",NA,"5,10",50.43138889,60.92993056,71.27826389,"T52"
"261","T52.6","T52","Control",12.15,"8,500","9,0","6,40",73.95520833,52.97451389,52.84909722,"T52"
"262","TXNM0821.7","TXNM0821","Control",12.15,"7,500","11,1","5,20",98.01569444,40.02958333,120.0670833,"TXNM0821"
"263","V60-96.1","V60-96","Drought",12.15,"11,500","11,9","7,80",26.24534722,14.89868056,22.4475,"V60-96"
"264","V60-96.7","V60-96","Control",12.15,"8,400","10,5","4,70",111.1334722,NA,99.79951389,"V60-96"
"265","Vru42.6","Vru42","Control",12.15,"13,600","13,0","6,30",24.83,21.35694444,32.79,"Vru42"
"266","9018.10","9018","Control",12.16,"14,300","11,2","6,00",60.17694444,41.97506944,68.86006944,"9018"
"267","9018.4","9018","Drought",12.16,"14,900","11,7","9,50",38.78645833,38.99868056,44.23993056,"9018"
"268","b40-14.3","b40-14","Drought",12.16,"14,000",NA,NA,41.358125,NA,NA,"b40-14"
"269","b40-14.9","b40-14","Control",12.16,"14,900","5,6","6,50",37.88159722,41.04576389,28.82472222,"b40-14"
"270","b42-34.10","b42-34","Control",12.16,"6,000","11,5","11,00",40.41527778,41.22638889,34.84652778,"b42-34"
"271","NY1.2","NY1","Drought",12.16,"13,000","11,0","8,30",56.05805556,50.07680556,60.57486111,"NY1"
"272","NY1.8","NY1","Control",12.16,"10,500","12,0","6,30",85.02076389,58.045,95.18388889,"NY1"
"273","T48.1","T48","Drought",12.16,"12,000","6,3","7,10",48.32583333,49.06354167,49.23986111,"T48"
"274","T48.8","T48","Control",12.16,"10,000","6,3","6,10",84.13388889,43.19979167,68.004375,"T48"
"275","T52.10","T52","Control",12.16,"11,500","6,4","5,50",54.18354167,46.335625,63.95388889,"T52"
"276","TXNM0821.2","TXNM0821","Drought",12.16,"12,000","8,6","8,00",65.27694444,54.54930556,65.11416667,"TXNM0821"
"277","TXNM0821.9","TXNM0821","Control",12.16,"11,500","6,2","3,90",73.085625,38.71291667,85.65472222,"TXNM0821"
"278","V60-96.2","V60-96","Drought",12.16,"13,500","10,6","8,00",18.29583333,22.52402778,26.24201389,"V60-96"
"279","V60-96.6","V60-96","Control",12.16,"9,500","7,4","5,40",50.18833333,28.48291667,110.8589583,"V60-96"
"280","Vru42.8","Vru42","Control",12.16,"14,600","10,1","7,50",32.62979167,42.36888889,61.48534722,"Vru42"
"281","9018.1","9018","Drought",12.17,"14,000","14,1","7,10",NA,50.72944444,44.72916667,"9018"
"282","9018.9","9018","Control",12.17,"12,500","9,1","7,00",NA,61.21034722,NA,"9018"
"283","b40-14.7","b40-14","Control",12.17,"14,000","9,1","5,30",NA,NA,NA,"b40-14"
"284","NY1.10","NY1","Control",12.17,"13,500","9,3","8,00",NA,40.37319444,100.2959028,"NY1"
"285","NY1.4","NY1","Drought",12.17,"14,000","14,2","9,00",NA,25.81340278,37.73243056,"NY1"
"286","T48.10","T48","Control",12.17,"10,000","11,2","8,00",NA,41.58680556,69.74916667,"T48"
"287","T48.3","T48","Drought",12.17,"14,100","11,9","7,80",NA,34.23340278,NA,"T48"
"288","T52.5","T52","Drought",12.17,"14,500",NA,"10,60",NA,20.75090278,61.68694444,"T52"
"289","T52.8","T52","Control",12.17,"12,000","13,4","6,50",NA,83.17444444,NA,"T52"
"290","TXNM0821.1","TXNM0821","Drought",12.17,"11,000","10,2","6,30",NA,71.24854167,79.66354167,"TXNM0821"
"291","TXNM0821.5","TXNM0821","Control",12.17,"12,000","8,8","5,00",NA,61.21638889,NA,"TXNM0821"
"292","TXNM0821.8","TXNM0821","Drought",12.17,"10,000","8,4","5,30",NA,71.86013889,80.94736111,"TXNM0821"
"293","V60-96.9","V60-96","Control",12.17,"9,500","10,4","5,80",NA,71.08479167,71.94597222,"V60-96"
"294","Vru42.9","Vru42","Control",12.17,"13,500","10,9","7,20",NA,36.32291667,35.07263889,"Vru42"
"295","9018.2","9018","Drought",12.18,"14,500","14,4","11,50",21.36090278,23.19145833,40.05861111,"9018"
"296","9018.7","9018","Control",12.18,"12,000","14,0","7,20",71.15333333,44.67333333,52.38138889,"9018"
"297","b42-34.8","b42-34","Control",12.18,"12,000","9,8","7,40",49.34090278,45.60729167,42.17541667,"b42-34"
"298","NY1.7","NY1","Control",12.18,"14,800","13,0","6,20",58.86895833,80.93138889,71.29395833,"NY1"
"299","T48.5","T48","Drought",12.18,"11,500","12,5","8,50",75.27201389,32.44097222,43.908125,"T48"
"300","T48.9","T48","Control",12.18,"11,000","12,4","6,60",49.27409722,78.83902778,76.03472222,"T48"
"301","T52.9","T52","Control",12.18,"11,000","11,4","7,70",64.38451389,53.82173611,49.63534722,"T52"
"302","TXNM0821.6","TXNM0821","Control",12.18,"13,000","12,0","6,30",60.43590278,86.43868056,110.0665278,"TXNM0821"
"303","V60-96.10","V60-96","Control",12.18,"12,000","11,6","6,10",80.83868056,43.8625,77.38125,"V60-96"
"304","V60-96.5","V60-96","Drought",12.18,"13,500","13,6","12,10",22.22395833,34.83131944,45.08770833,"V60-96"
"305","b42-34.2","b42-34","Drought",12.11,NA,"14,0","11,20",NA,28.35506944,40.54125,"b42-34"
"306","b40-14.2","b40-14","Drought",12.15,NA,"11,6",NA,29.86993056,24.860625,41.93701389,"b40-14"
"307","TXNM0821.3","TXNM0821","Drought",12.15,NA,"10,0","6,20",61.13180556,54.73027778,50.24611111,"TXNM0821"
"308","Vru42.5","Vru42","Drought",12.15,NA,"12,9","8,30",27.160625,23.6775,33.64340278,"Vru42"
"309","b42-34.5","b42-34","Drought",12.16,NA,"12,1","9,70",44.41715278,38.71847222,44.25076389,"b42-34"
"310","T52.4","T52","Drought",12.16,NA,"9,8","9,20",69.38486111,59.62069444,71.77458333,"T52"
"311","b42-34.7","b42-34","Control",12.17,NA,"12,5",NA,NA,33.35270833,39.113125,"b42-34"
"312","Vru42.3","Vru42","Drought",12.17,NA,"14,3","6,00",NA,19.05694444,34.80506944,"Vru42"
"313","V60-96.4","V60-96","Drought",12.18,NA,"14,5","11,90",43.39263889,51.40618056,57.25,"V60-96"
"314","T52.2","T52","Drought",12.18,NA,"14,0","11,70",39.73111111,39.36305556,29.42645833,"T52"
"315","9018.5","9018","Drought",11.11,NA,NA,"9,10",NA,NA,NA,"9018"
"316","9018.6","9018","Control",11.11,NA,NA,"6,30",NA,NA,NA,"9018"
"317","b40-14.1","b40-14","Drought",11.11,NA,NA,"7,30",NA,NA,NA,"b40-14"
"318","b40-14.10","b40-14","Control",11.11,NA,NA,"6,10",NA,NA,NA,"b40-14"
"319","b42-34.2","b42-34","Drought",11.11,NA,NA,"10,40",NA,NA,NA,"b42-34"
"320","b42-34.6","b42-34","Control",11.11,NA,NA,"9,20",NA,NA,NA,"b42-34"
"321","NY1.1","NY1","Drought",11.11,NA,NA,"9,90",NA,NA,NA,"NY1"
"322","NY1.6","NY1","Control",11.11,NA,NA,"8,30",NA,NA,NA,"NY1"
"323","T48.4","T48","Drought",11.11,NA,NA,"8,30",NA,NA,NA,"T48"
"324","T48.7","T48","Control",11.11,NA,NA,"8,30",NA,NA,NA,"T48"
"325","T52.3","T52","Drought",11.11,NA,NA,"7,70",NA,NA,NA,"T52"
"326","TXNM0821.10","TXNM0821","Control",11.11,NA,NA,"4,70",NA,NA,NA,"TXNM0821"
"327","TXNM0821.4","TXNM0821","Drought",11.11,NA,NA,"6,30",NA,NA,NA,"TXNM0821"
"328","V60-96.3","V60-96","Drought",11.11,NA,NA,"7,70",NA,NA,NA,"V60-96"
"329","Vru42.1","Vru42","Drought",11.11,NA,NA,"9,80",NA,NA,NA,"Vru42"
"330","Vru42.10","Vru42","Control",11.11,NA,NA,"9,70",NA,NA,NA,"Vru42"
"331","9018.3","9018","Drought",11.11,NA,NA,"8,20",NA,NA,NA,"9018"
"332","9018.8","9018","Control",11.11,NA,NA,"8,30",NA,NA,NA,"9018"
"333","b40-14.2","b40-14","Drought",11.11,NA,NA,"11,70",NA,NA,NA,"b40-14"
"334","b40-14.6","b40-14","Control",11.11,NA,NA,"10,40",NA,NA,NA,"b40-14"
"335","b42-34.9","b42-34","Control",11.11,NA,NA,"12,30",NA,NA,NA,"b42-34"
"336","NY1.5","NY1","Drought",11.11,NA,NA,"9,10",NA,NA,NA,"NY1"
"337","NY1.9","NY1","Control",11.11,NA,NA,"10,50",NA,NA,NA,"NY1"
"338","T48.2","T48","Drought",11.11,NA,NA,"8,60",NA,NA,NA,"T48"
"339","T48.6","T48","Control",11.11,NA,NA,"9,40",NA,NA,NA,"T48"
"340","T52.6","T52","Control",11.11,NA,NA,"8,90",NA,NA,NA,"T52"
"341","TXNM0821.3","TXNM0821","Drought",11.11,NA,NA,"7,90",NA,NA,NA,"TXNM0821"
"342","TXNM0821.7","TXNM0821","Control",11.11,NA,NA,"6,40",NA,NA,NA,"TXNM0821"
"343","Vru42.5","Vru42","Drought",11.11,NA,NA,"9,20",NA,NA,NA,"Vru42"
"344","Vru42.6","Vru42","Control",11.11,NA,NA,"11,00",NA,NA,NA,"Vru42"
"345","9018.10","9018","Control",11.12,NA,NA,"8,00",NA,NA,NA,"9018"
"346","9018.4","9018","Drought",11.12,NA,NA,"8,20",NA,NA,NA,"9018"
"347","b40-14.9","b40-14","Control",11.12,NA,NA,"12,30",NA,NA,NA,"b40-14"
"348","b42-34.10","b42-34","Control",11.12,NA,NA,"9,30",NA,NA,NA,"b42-34"
"349","b42-34.5","b42-34","Drought",11.12,NA,NA,"12,60",NA,NA,NA,"b42-34"
"350","NY1.2","NY1","Drought",11.12,NA,NA,"8,80",NA,NA,NA,"NY1"
"351","NY1.8","NY1","Control",11.12,NA,NA,"8,60",NA,NA,NA,"NY1"
"352","T48.1","T48","Drought",11.12,NA,NA,"12,30",NA,NA,NA,"T48"
"353","T48.8","T48","Control",11.12,NA,NA,"10,30",NA,NA,NA,"T48"
"354","T52.10","T52","Control",11.12,NA,NA,"7,10",NA,NA,NA,"T52"
"355","T52.4","T52","Drought",11.12,NA,NA,"8,40",NA,NA,NA,"T52"
"356","TXNM0821.2","TXNM0821","Drought",11.12,NA,NA,"6,70",NA,NA,NA,"TXNM0821"
"357","TXNM0821.9","TXNM0821","Control",11.12,NA,NA,"5,30",NA,NA,NA,"TXNM0821"
"358","V60-96.6","V60-96","Control",11.12,NA,NA,"9,10",NA,NA,NA,"V60-96"
"359","Vru42.2","Vru42","Drought",11.12,NA,NA,"14,40",NA,NA,NA,"Vru42"
"360","Vru42.8","Vru42","Control",11.12,NA,NA,"13,10",NA,NA,NA,"Vru42"
"361","9018.1","9018","Drought",11.12,NA,NA,"8,90",NA,NA,NA,"9018"
"362","9018.9","9018","Control",11.12,NA,NA,"9,20",NA,NA,NA,"9018"
"363","b40-14.5","b40-14","Drought",11.12,NA,NA,"9,40",NA,NA,NA,"b40-14"
"364","b40-14.7","b40-14","Control",11.12,NA,NA,"9,30",NA,NA,NA,"b40-14"
"365","b42-34.4","b42-34","Drought",11.12,NA,NA,"12,00",NA,NA,NA,"b42-34"
"366","b42-34.7","b42-34","Control",11.12,NA,NA,"11,00",NA,NA,NA,"b42-34"
"367","NY1.10","NY1","Control",11.12,NA,NA,"9,30",NA,NA,NA,"NY1"
"368","NY1.4","NY1","Drought",11.12,NA,NA,"7,10",NA,NA,NA,"NY1"
"369","T48.10","T48","Control",11.12,NA,NA,"10,60",NA,NA,NA,"T48"
"370","T48.3","T48","Drought",11.12,NA,NA,"9,90",NA,NA,NA,"T48"
"371","T52.5","T52","Drought",11.12,NA,NA,"8,90",NA,NA,NA,"T52"
"372","TXNM0821.1","TXNM0821","Drought",11.12,NA,NA,"6,50",NA,NA,NA,"TXNM0821"
"373","TXNM0821.5","TXNM0821","Control",11.12,NA,NA,"7,60",NA,NA,NA,"TXNM0821"
"374","TXNM0821.8","TXNM0821","Drought",11.12,NA,NA,"5,70",NA,NA,NA,"TXNM0821"
"375","V60-96.4","V60-96","Drought",11.12,NA,NA,"9,90",NA,NA,NA,"V60-96"
"376","V60-96.9","V60-96","Control",11.12,NA,NA,"9,10",NA,NA,NA,"V60-96"
"377","Vru42.9","Vru42","Control",11.12,NA,NA,"9,90",NA,NA,NA,"Vru42"
"378","9018.2","9018","Drought",11.12,NA,NA,"11,00",NA,NA,NA,"9018"
"379","b40-14.8","b40-14","Control",11.12,NA,NA,"10,00",NA,NA,NA,"b40-14"
"380","b42-34.8","b42-34","Control",11.12,NA,NA,"9,90",NA,NA,NA,"b42-34"
"381","NY1.3","NY1","Drought",11.12,NA,NA,"11,80",NA,NA,NA,"NY1"
"382","NY1.7","NY1","Control",11.12,NA,NA,"8,00",NA,NA,NA,"NY1"
"383","T48.5","T48","Drought",11.12,NA,NA,"8,80",NA,NA,NA,"T48"
"384","T52.2","T52","Drought",11.12,NA,NA,"10,00",NA,NA,NA,"T52"
"385","T52.9","T52","Control",11.12,NA,NA,"9,00",NA,NA,NA,"T52"
"386","TXNM0821.6","TXNM0821","Control",11.12,NA,NA,"5,50",NA,NA,NA,"TXNM0821"
"387","V60-96.5","V60-96","Drought",11.12,NA,NA,"10,80",NA,NA,NA,"V60-96"
"388","Vru42.4","Vru42","Drought",11.12,NA,NA,"10,70",NA,NA,NA,"Vru42"
"389","Vru42.7","Vru42","Control",11.12,NA,NA,"10,00",NA,NA,NA,"Vru42"
"390","T52.7","T52","Control",11.13,NA,NA,"6,40",NA,NA,NA,"T52"
"391","b42-34.1","b42-34","Drought",11.13,NA,NA,"8,70",NA,NA,NA,"b42-34"
"392","T52.1","T52","Drought",11.13,NA,NA,"6,70",NA,NA,NA,"T52"
"393","b42-34.10","b42-34","Control",11.13,NA,NA,"8,60",NA,NA,NA,"b42-34"
"394","9018.9","9018","Control",11.13,NA,NA,"6,90",NA,NA,NA,"9018"
"395","T52.8","T52","Control",11.13,NA,NA,"7,60",NA,NA,NA,"T52"
"396","Vru42.3","Vru42","Drought",11.13,NA,NA,"8,20",NA,NA,NA,"Vru42"
"397","9018.7","9018","Control",11.13,NA,NA,"7,30",NA,NA,NA,"9018"
"398","b42-34.3","b42-34","Drought",11.13,NA,NA,"11,10",NA,NA,NA,"b42-34"
"399","9018.5","9018","Drought",11.18,NA,NA,"9,90",NA,NA,NA,"9018"
"400","9018.6","9018","Control",11.18,NA,NA,"12,50",NA,NA,NA,"9018"
"401","b40-14.10","b40-14","Control",11.18,NA,NA,"10,90",NA,NA,NA,"b40-14"
"402","b42-34.6","b42-34","Control",11.18,NA,NA,"11,50",NA,NA,NA,"b42-34"
"403","NY1.1","NY1","Drought",11.18,NA,NA,"9,10",NA,NA,NA,"NY1"
"404","T48.4","T48","Drought",11.18,NA,NA,"14,10",NA,NA,NA,"T48"
"405","T48.7","T48","Control",11.18,NA,NA,"10,92",NA,NA,NA,"T48"
"406","T52.3","T52","Drought",11.18,NA,NA,"9,30",NA,NA,NA,"T52"
"407","T52.7","T52","Control",11.18,NA,NA,"6,00",NA,NA,NA,"T52"
"408","TXNM0821.10","TXNM0821","Control",11.18,NA,NA,"11,03",NA,NA,NA,"TXNM0821"
"409","TXNM0821.4","TXNM0821","Drought",11.18,NA,NA,"7,00",NA,NA,NA,"TXNM0821"
"410","V60-96.3","V60-96","Drought",11.18,NA,NA,"10,80",NA,NA,NA,"V60-96"
"411","V60-96.8","V60-96","Control",11.18,NA,NA,"5,34",NA,NA,NA,"V60-96"
"412","Vru42.1","Vru42","Drought",11.18,NA,NA,"11,30",NA,NA,NA,"Vru42"
"413","Vru42.10","Vru42","Control",11.18,NA,NA,"8,42",NA,NA,NA,"Vru42"
"414","9018.3","9018","Drought",11.18,NA,NA,"9,50",NA,NA,NA,"9018"
"415","9018.8","9018","Control",11.18,NA,NA,"7,80",NA,NA,NA,"9018"
"416","b40-14.6","b40-14","Control",11.18,NA,NA,"10,00",NA,NA,NA,"b40-14"
"417","b42-34.1","b42-34","Drought",11.18,NA,NA,"14,30",NA,NA,NA,"b42-34"
"418","b42-34.9","b42-34","Control",11.18,NA,NA,"10,90",NA,NA,NA,"b42-34"
"419","NY1.5","NY1","Drought",11.18,NA,NA,"8,50",NA,NA,NA,"NY1"
"420","NY1.9","NY1","Control",11.18,NA,NA,"9,10",NA,NA,NA,"NY1"
"421","T48.2","T48","Drought",11.18,NA,NA,"11,70",NA,NA,NA,"T48"
"422","T48.6","T48","Control",11.18,NA,NA,"9,20",NA,NA,NA,"T48"
"423","T52.1","T52","Drought",11.18,NA,NA,"6,10",NA,NA,NA,"T52"
"424","T52.6","T52","Control",11.18,NA,NA,"6,50",NA,NA,NA,"T52"
"425","TXNM0821.3","TXNM0821","Drought",11.18,NA,NA,"6,80",NA,NA,NA,"TXNM0821"
"426","TXNM0821.7","TXNM0821","Control",11.18,NA,NA,"8,60",NA,NA,NA,"TXNM0821"
"427","V60-96.7","V60-96","Control",11.18,NA,NA,"8,40",NA,NA,NA,"V60-96"
"428","Vru42.5","Vru42","Drought",11.18,NA,NA,"10,60",NA,NA,NA,"Vru42"
"429","Vru42.6","Vru42","Control",11.18,NA,NA,"7,80",NA,NA,NA,"Vru42"
"430","9018.10","9018","Control",11.18,NA,NA,"9,00",NA,NA,NA,"9018"
"431","9018.4","9018","Drought",11.18,NA,NA,"9,00",NA,NA,NA,"9018"
"432","b40-14.3","b40-14","Drought",11.18,NA,NA,"14,10",NA,NA,NA,"b40-14"
"433","b40-14.9","b40-14","Control",11.18,NA,NA,"10,00",NA,NA,NA,"b40-14"
"434","b42-34.10","b42-34","Control",11.18,NA,NA,"11,50",NA,NA,NA,"b42-34"
"435","b42-34.5","b42-34","Drought",11.18,NA,NA,"12,40",NA,NA,NA,"b42-34"
"436","NY1.2","NY1","Drought",11.18,NA,NA,"9,10",NA,NA,NA,"NY1"
"437","NY1.8","NY1","Control",11.18,NA,NA,"11,05",NA,NA,NA,"NY1"
"438","T52.10","T52","Control",11.18,NA,NA,"5,90",NA,NA,NA,"T52"
"439","T52.4","T52","Drought",11.18,NA,NA,"8,40",NA,NA,NA,"T52"
"440","TXNM0821.2","TXNM0821","Drought",11.18,NA,NA,"7,60",NA,NA,NA,"TXNM0821"
"441","TXNM0821.9","TXNM0821","Control",11.18,NA,NA,"9,43",NA,NA,NA,"TXNM0821"
"442","V60-96.2","V60-96","Drought",11.18,NA,NA,"5,27",NA,NA,NA,"V60-96"
"443","V60-96.6","V60-96","Control",11.18,NA,NA,"11,90",NA,NA,NA,"V60-96"
"444","Vru42.2","Vru42","Drought",11.18,NA,NA,"10,60",NA,NA,NA,"Vru42"
"445","9018.1","9018","Drought",11.18,NA,NA,"9,40",NA,NA,NA,"9018"
"446","9018.9","9018","Control",11.18,NA,NA,"8,67",NA,NA,NA,"9018"
"447","b40-14.5","b40-14","Drought",11.18,NA,NA,"14,80",NA,NA,NA,"b40-14"
"448","b42-34.4","b42-34","Drought",11.18,NA,NA,"14,14",NA,NA,NA,"b42-34"
"449","b42-34.7","b42-34","Control",11.18,NA,NA,"10,60",NA,NA,NA,"b42-34"
"450","NY1.10","NY1","Control",11.18,NA,NA,"7,50",NA,NA,NA,"NY1"
"451","T48.10","T48","Control",11.18,NA,NA,"9,34",NA,NA,NA,"T48"
"452","T48.3","T48","Drought",11.18,NA,NA,"11,10",NA,NA,NA,"T48"
"453","T52.5","T52","Drought",11.18,NA,NA,"9,90",NA,NA,NA,"T52"
"454","T52.8","T52","Control",11.18,NA,NA,"6,60",NA,NA,NA,"T52"
"455","TXNM0821.5","TXNM0821","Control",11.18,NA,NA,"8,60",NA,NA,NA,"TXNM0821"
"456","TXNM0821.8","TXNM0821","Drought",11.18,NA,NA,"9,10",NA,NA,NA,"TXNM0821"
"457","V60-96.4","V60-96","Drought",11.18,NA,NA,"14,50",NA,NA,NA,"V60-96"
"458","Vru42.3","Vru42","Drought",11.18,NA,NA,"10,50",NA,NA,NA,"Vru42"
"459","Vru42.9","Vru42","Control",11.18,NA,NA,"10,42",NA,NA,NA,"Vru42"
"460","NY1.3","NY1","Drought",11.18,NA,NA,"11,10",NA,NA,NA,"NY1"
"461","NY1.7","NY1","Control",11.18,NA,NA,"8,40",NA,NA,NA,"NY1"
"462","T48.5","T48","Drought",11.18,NA,NA,"12,80",NA,NA,NA,"T48"
"463","V60-96.10","V60-96","Control",11.18,NA,NA,"10,10",NA,NA,NA,"V60-96"
"464","V60-96.5","V60-96","Drought",11.18,NA,NA,"10,50",NA,NA,NA,"V60-96"
"465","Vru42.7","Vru42","Control",11.18,NA,NA,"9,48",NA,NA,NA,"Vru42"
"466","NY1.1","NY1","Drought",12.1,NA,NA,"9,90",73.09791667,NA,NA,"NY1"
"467","NY1.6","NY1","Control",12.1,NA,NA,"9,50",NA,NA,NA,"NY1"
"468","Vru42.1","Vru42","Drought",12.1,NA,NA,"9,50",NA,NA,NA,"Vru42"
"469","Vru42.10","Vru42","Control",12.1,NA,NA,"10,10",46.46993056,NA,NA,"Vru42"
"470","9018.8","9018","Control",12.1,NA,NA,"6,70",80.44493056,NA,NA,"9018"
"471","b40-14.2","b40-14","Drought",12.1,NA,NA,"9,80",NA,NA,NA,"b40-14"
"472","NY1.9","NY1","Control",12.1,NA,NA,"6,00",64.49631944,NA,NA,"NY1"
"473","b40-14.10","b40-14","Control",12.2,NA,NA,"7,60",NA,NA,NA,"b40-14"
"474","Vru42.1","Vru42","Drought",12.2,NA,NA,"6,20",NA,NA,NA,"Vru42"
"475","b42-34.5","b42-34","Drought",12.2,NA,NA,"9,50",47.77784722,NA,NA,"b42-34"
"476","Vru42.2","Vru42","Drought",12.2,NA,NA,"11,00",34.48708333,NA,NA,"Vru42"
"477","b40-14.5","b40-14","Drought",12.2,NA,NA,"10,50",40.17444444,NA,NA,"b40-14"
"478","b42-34.4","b42-34","Drought",12.2,NA,NA,"11,50",NA,NA,NA,"b42-34"
"479","NY1.4","NY1","Drought",12.2,NA,NA,"8,00",69.75888889,NA,NA,"NY1"
"480","T52.5","T52","Drought",12.2,NA,NA,"12,50",39.11673611,NA,NA,"T52"
"481","Vru42.3","Vru42","Drought",12.2,NA,NA,"9,00",28.69763889,NA,NA,"Vru42"
"482","T52.10","T52","Control",12.3,NA,NA,"5,00",NA,NA,NA,"T52"
"483","V60-96.2","V60-96","Drought",12.3,NA,NA,"8,60",NA,NA,NA,"V60-96"
"484","9018.9","9018","Control",12.3,NA,NA,"6,00",NA,NA,NA,"9018"
"485","TXNM0821.8","TXNM0821","Drought",12.3,NA,NA,"9,40",NA,NA,NA,"TXNM0821"
"486","b40-14.8","b40-14","Control",12.3,NA,NA,"7,50",NA,NA,NA,"b40-14"
"487","T48.9","T48","Control",12.3,NA,NA,"7,60",NA,NA,NA,"T48"
"488","Vru42.2","Vru42","Drought",12.16,NA,NA,"9,30",17.69347222,30.50326389,28.59298611,"Vru42"
"489","b40-14.5","b40-14","Drought",12.17,NA,NA,"11,50",NA,NA,45.11263889,"b40-14"
"490","b42-34.4","b42-34","Drought",12.17,NA,NA,"10,30",NA,NA,40.74243056,"b42-34"
"491","b42-34.4","b42-34","Drought",12.18,NA,NA,"10,90",37.25333333,35.11347222,41.78444444,"b42-34"
"492","b40-14.8","b40-14","Control",12.18,NA,NA,"3,00",38.99833333,43.19840278,NA,"b40-14"
"493","Vru42.4","Vru42","Drought",12.18,NA,NA,"12,80",20.39006944,15.06354167,27.68916667,"Vru42"
"494","Vru42.7","Vru42","Control",12.18,NA,NA,"6,80",32.92847222,36.14375,37.49631944,"Vru42"
"495","V60-96.8","V60-96","Control",11.9,NA,NA,NA,NA,NA,NA,"V60-96"
"496","9018.3","9018","Drought",11.9,NA,NA,NA,NA,NA,NA,"9018"
"497","9018.8","9018","Control",11.9,NA,NA,NA,NA,NA,NA,"9018"
"498","b40-14.2","b40-14","Drought",11.9,NA,NA,NA,NA,NA,NA,"b40-14"
"499","b40-14.6","b40-14","Control",11.9,NA,NA,NA,NA,NA,NA,"b40-14"
"500","b42-34.1","b42-34","Drought",11.9,NA,NA,NA,NA,NA,NA,"b42-34"
"501","b42-34.9","b42-34","Control",11.9,NA,NA,NA,NA,NA,NA,"b42-34"
"502","NY1.5","NY1","Drought",11.9,NA,NA,NA,NA,NA,NA,"NY1"
"503","NY1.9","NY1","Control",11.9,NA,NA,NA,NA,NA,NA,"NY1"
"504","T48.2","T48","Drought",11.9,NA,NA,NA,NA,NA,NA,"T48"
"505","T48.6","T48","Control",11.9,NA,NA,NA,NA,NA,NA,"T48"
"506","T52.1","T52","Drought",11.9,NA,NA,NA,NA,NA,NA,"T52"
"507","T52.6","T52","Control",11.9,NA,NA,NA,NA,NA,NA,"T52"
"508","TXNM0821.3","TXNM0821","Drought",11.9,NA,NA,NA,NA,NA,NA,"TXNM0821"
"509","TXNM0821.7","TXNM0821","Control",11.9,NA,NA,NA,NA,NA,NA,"TXNM0821"
"510","V60-96.1","V60-96","Drought",11.9,NA,NA,NA,NA,NA,NA,"V60-96"
"511","V60-96.7","V60-96","Control",11.9,NA,NA,NA,NA,NA,NA,"V60-96"
"512","Vru42.5","Vru42","Drought",11.9,NA,NA,NA,NA,NA,NA,"Vru42"
"513","Vru42.6","Vru42","Control",11.9,NA,NA,NA,NA,NA,NA,"Vru42"
"514","9018.10","9018","Control",11.9,NA,NA,NA,NA,NA,NA,"9018"
"515","9018.4","9018","Drought",11.9,NA,NA,NA,NA,NA,NA,"9018"
"516","b40-14.3","b40-14","Drought",11.9,NA,NA,NA,NA,NA,NA,"b40-14"
"517","b40-14.9","b40-14","Control",11.9,NA,NA,NA,NA,NA,NA,"b40-14"
"518","b42-34.10","b42-34","Control",11.9,NA,NA,NA,NA,NA,NA,"b42-34"
"519","b42-34.5","b42-34","Drought",11.9,NA,NA,NA,NA,NA,NA,"b42-34"
"520","NY1.2","NY1","Drought",11.9,NA,NA,NA,NA,NA,NA,"NY1"
"521","NY1.8","NY1","Control",11.9,NA,NA,NA,NA,NA,NA,"NY1"
"522","T48.1","T48","Drought",11.9,NA,NA,NA,NA,NA,NA,"T48"
"523","T48.8","T48","Control",11.9,NA,NA,NA,NA,NA,NA,"T48"
"524","T52.10","T52","Control",11.9,NA,NA,NA,NA,NA,NA,"T52"
"525","T52.4","T52","Drought",11.9,NA,NA,NA,NA,NA,NA,"T52"
"526","TXNM0821.2","TXNM0821","Drought",11.9,NA,NA,NA,NA,NA,NA,"TXNM0821"
"527","TXNM0821.9","TXNM0821","Control",11.9,NA,NA,NA,NA,NA,NA,"TXNM0821"
"528","V60-96.2","V60-96","Drought",11.9,NA,NA,NA,NA,NA,NA,"V60-96"
"529","V60-96.6","V60-96","Control",11.9,NA,NA,NA,NA,NA,NA,"V60-96"
"530","Vru42.2","Vru42","Drought",11.9,NA,NA,NA,NA,NA,NA,"Vru42"
"531","Vru42.8","Vru42","Control",11.9,NA,NA,NA,NA,NA,NA,"Vru42"
"532","9018.1","9018","Drought",11.9,NA,NA,NA,NA,NA,NA,"9018"
"533","9018.9","9018","Control",11.9,NA,NA,NA,NA,NA,NA,"9018"
"534","b40-14.5","b40-14","Drought",11.9,NA,NA,NA,NA,NA,NA,"b40-14"
"535","b40-14.7","b40-14","Control",11.9,NA,NA,NA,NA,NA,NA,"b40-14"
"536","b42-34.4","b42-34","Drought",11.9,NA,NA,NA,NA,NA,NA,"b42-34"
"537","b42-34.7","b42-34","Control",11.9,NA,NA,NA,NA,NA,NA,"b42-34"
"538","NY1.10","NY1","Control",11.9,NA,NA,NA,NA,NA,NA,"NY1"
"539","NY1.4","NY1","Drought",11.9,NA,NA,NA,NA,NA,NA,"NY1"
"540","T48.10","T48","Control",11.9,NA,NA,NA,NA,NA,NA,"T48"
"541","T48.3","T48","Drought",11.9,NA,NA,NA,NA,NA,NA,"T48"
"542","T52.5","T52","Drought",11.9,NA,NA,NA,NA,NA,NA,"T52"
"543","T52.8","T52","Control",11.9,NA,NA,NA,NA,NA,NA,"T52"
"544","TXNM0821.1","TXNM0821","Drought",11.9,NA,NA,NA,NA,NA,NA,"TXNM0821"
"545","TXNM0821.5","TXNM0821","Control",11.9,NA,NA,NA,NA,NA,NA,"TXNM0821"
"546","TXNM0821.8","TXNM0821","Drought",11.9,NA,NA,NA,NA,NA,NA,"TXNM0821"
"547","V60-96.4","V60-96","Drought",11.9,NA,NA,NA,NA,NA,NA,"V60-96"
"548","V60-96.9","V60-96","Control",11.9,NA,NA,NA,NA,NA,NA,"V60-96"
"549","Vru42.3","Vru42","Drought",11.9,NA,NA,NA,NA,NA,NA,"Vru42"
"550","Vru42.9","Vru42","Control",11.9,NA,NA,NA,NA,NA,NA,"Vru42"
"551","9018.2","9018","Drought",11.9,NA,NA,NA,NA,NA,NA,"9018"
"552","9018.7","9018","Control",11.9,NA,NA,NA,NA,NA,NA,"9018"
"553","b40-14.4","b40-14","Drought",11.9,NA,NA,NA,NA,NA,NA,"b40-14"
"554","b40-14.8","b40-14","Control",11.9,NA,NA,NA,NA,NA,NA,"b40-14"
"555","b42-34.3","b42-34","Drought",11.9,NA,NA,NA,NA,NA,NA,"b42-34"
"556","b42-34.8","b42-34","Control",11.9,NA,NA,NA,NA,NA,NA,"b42-34"
"557","NY1.3","NY1","Drought",11.9,NA,NA,NA,NA,NA,NA,"NY1"
"558","NY1.7","NY1","Control",11.9,NA,NA,NA,NA,NA,NA,"NY1"
"559","T48.5","T48","Drought",11.9,NA,NA,NA,NA,NA,NA,"T48"
"560","T48.9","T48","Control",11.9,NA,NA,NA,NA,NA,NA,"T48"
"561","T52.2","T52","Drought",11.9,NA,NA,NA,NA,NA,NA,"T52"
"562","T52.9","T52","Control",11.9,NA,NA,NA,NA,NA,NA,"T52"
"563","TXNM0821.6","TXNM0821","Control",11.9,NA,NA,NA,NA,NA,NA,"TXNM0821"
"564","V60-96.10","V60-96","Control",11.9,NA,NA,NA,NA,NA,NA,"V60-96"
"565","V60-96.5","V60-96","Drought",11.9,NA,NA,NA,NA,NA,NA,"V60-96"
"566","Vru42.4","Vru42","Drought",11.9,NA,NA,NA,NA,NA,NA,"Vru42"
"567","Vru42.7","Vru42","Control",11.9,NA,NA,NA,NA,NA,NA,"Vru42"
"568","9018.5","9018","Drought",11.1,NA,NA,NA,NA,NA,NA,"9018"
"569","9018.6","9018","Control",11.1,NA,NA,NA,NA,NA,NA,"9018"
"570","b40-14.1","b40-14","Drought",11.1,NA,NA,NA,NA,NA,NA,"b40-14"
"571","b40-14.10","b40-14","Control",11.1,NA,NA,NA,NA,NA,NA,"b40-14"
"572","b42-34.2","b42-34","Drought",11.1,NA,NA,NA,NA,NA,NA,"b42-34"
"573","b42-34.6","b42-34","Control",11.1,NA,NA,NA,NA,NA,NA,"b42-34"
"574","NY1.1","NY1","Drought",11.1,NA,NA,NA,NA,NA,NA,"NY1"
"575","NY1.6","NY1","Control",11.1,NA,NA,NA,NA,NA,NA,"NY1"
"576","T48.4","T48","Drought",11.1,NA,NA,NA,NA,NA,NA,"T48"
"577","T48.7","T48","Control",11.1,NA,NA,NA,NA,NA,NA,"T48"
"578","T52.3","T52","Drought",11.1,NA,NA,NA,NA,NA,NA,"T52"
"579","T52.7","T52","Control",11.1,NA,NA,NA,NA,NA,NA,"T52"
"580","TXNM0821.10","TXNM0821","Control",11.1,NA,NA,NA,NA,NA,NA,"TXNM0821"
"581","TXNM0821.4","TXNM0821","Drought",11.1,NA,NA,NA,NA,NA,NA,"TXNM0821"
"582","V60-96.3","V60-96","Drought",11.1,NA,NA,NA,NA,NA,NA,"V60-96"
"583","V60-96.8","V60-96","Control",11.1,NA,NA,NA,NA,NA,NA,"V60-96"
"584","Vru42.1","Vru42","Drought",11.1,NA,NA,NA,NA,NA,NA,"Vru42"
"585","Vru42.10","Vru42","Control",11.1,NA,NA,NA,NA,NA,NA,"Vru42"
"586","V60-96.1","V60-96","Drought",11.1,NA,NA,NA,NA,NA,NA,"V60-96"
"587","V60-96.7","V60-96","Control",11.1,NA,NA,NA,NA,NA,NA,"V60-96"
"588","Vru42.5","Vru42","Drought",11.1,NA,NA,NA,34.10833333,NA,NA,"Vru42"
"589","T48.8","T48","Control",11.1,NA,NA,NA,NA,NA,NA,"T48"
"590","V60-96.2","V60-96","Drought",11.1,NA,NA,NA,NA,NA,NA,"V60-96"
"591","V60-96.6","V60-96","Control",11.1,NA,NA,NA,NA,NA,NA,"V60-96"
"592","Vru42.8","Vru42","Control",11.1,NA,NA,NA,NA,NA,NA,"Vru42"
"593","9018.1","9018","Drought",11.1,NA,NA,NA,NA,NA,NA,"9018"
"594","9018.9","9018","Control",11.1,NA,NA,NA,NA,NA,NA,"9018"
"595","b40-14.5","b40-14","Drought",11.1,NA,NA,NA,NA,NA,NA,"b40-14"
"596","b40-14.7","b40-14","Control",11.1,NA,NA,NA,NA,NA,NA,"b40-14"
"597","b42-34.4","b42-34","Drought",11.1,NA,NA,NA,NA,NA,NA,"b42-34"
"598","b42-34.7","b42-34","Control",11.1,NA,NA,NA,NA,NA,NA,"b42-34"
"599","NY1.10","NY1","Control",11.1,NA,NA,NA,NA,NA,NA,"NY1"
"600","NY1.4","NY1","Drought",11.1,NA,NA,NA,NA,NA,NA,"NY1"
"601","T48.10","T48","Control",11.1,NA,NA,NA,NA,NA,NA,"T48"
"602","T48.3","T48","Drought",11.1,NA,NA,NA,NA,NA,NA,"T48"
"603","T52.5","T52","Drought",11.1,NA,NA,NA,NA,NA,NA,"T52"
"604","T52.8","T52","Control",11.1,NA,NA,NA,NA,NA,NA,"T52"
"605","TXNM0821.1","TXNM0821","Drought",11.1,NA,NA,NA,NA,NA,NA,"TXNM0821"
"606","TXNM0821.5","TXNM0821","Control",11.1,NA,NA,NA,NA,NA,NA,"TXNM0821"
"607","TXNM0821.8","TXNM0821","Drought",11.1,NA,NA,NA,NA,NA,NA,"TXNM0821"
"608","V60-96.4","V60-96","Drought",11.1,NA,NA,NA,NA,NA,NA,"V60-96"
"609","V60-96.9","V60-96","Control",11.1,NA,NA,NA,NA,NA,NA,"V60-96"
"610","Vru42.3","Vru42","Drought",11.1,NA,NA,NA,NA,NA,NA,"Vru42"
"611","Vru42.9","Vru42","Control",11.1,NA,NA,NA,NA,NA,NA,"Vru42"
"612","9018.2","9018","Drought",11.1,NA,NA,NA,NA,NA,NA,"9018"
"613","9018.7","9018","Control",11.1,NA,NA,NA,NA,NA,NA,"9018"
"614","b40-14.4","b40-14","Drought",11.1,NA,NA,NA,NA,NA,NA,"b40-14"
"615","b40-14.8","b40-14","Control",11.1,NA,NA,NA,NA,NA,NA,"b40-14"
"616","b42-34.3","b42-34","Drought",11.1,NA,NA,NA,NA,NA,NA,"b42-34"
"617","b42-34.8","b42-34","Control",11.1,NA,NA,NA,NA,NA,NA,"b42-34"
"618","NY1.3","NY1","Drought",11.1,NA,NA,NA,NA,NA,NA,"NY1"
"619","NY1.7","NY1","Control",11.1,NA,NA,NA,NA,NA,NA,"NY1"
"620","T48.5","T48","Drought",11.1,NA,NA,NA,NA,NA,NA,"T48"
"621","T48.9","T48","Control",11.1,NA,NA,NA,NA,NA,NA,"T48"
"622","T52.2","T52","Drought",11.1,NA,NA,NA,NA,NA,NA,"T52"
"623","T52.9","T52","Control",11.1,NA,NA,NA,NA,NA,NA,"T52"
"624","TXNM0821.6","TXNM0821","Control",11.1,NA,NA,NA,NA,NA,NA,"TXNM0821"
"625","V60-96.10","V60-96","Control",11.1,NA,NA,NA,NA,NA,NA,"V60-96"
"626","V60-96.5","V60-96","Drought",11.1,NA,NA,NA,NA,NA,NA,"V60-96"
"627","Vru42.4","Vru42","Drought",11.1,NA,NA,NA,NA,NA,NA,"Vru42"
"628","Vru42.7","Vru42","Control",11.1,NA,NA,NA,NA,NA,NA,"Vru42"
"629","T52.7","T52","Control",11.11,NA,NA,NA,NA,NA,NA,"T52"
"630","V60-96.8","V60-96","Control",11.11,NA,NA,NA,NA,NA,NA,"V60-96"
"631","b42-34.1","b42-34","Drought",11.11,NA,NA,NA,NA,NA,NA,"b42-34"
"632","T52.1","T52","Drought",11.11,NA,NA,NA,NA,NA,NA,"T52"
"633","V60-96.1","V60-96","Drought",11.11,NA,NA,NA,NA,NA,NA,"V60-96"
"634","V60-96.7","V60-96","Control",11.11,NA,NA,NA,NA,NA,NA,"V60-96"
"635","9018.10","9018","Control",11.11,NA,NA,NA,NA,NA,NA,"9018"
"636","9018.4","9018","Drought",11.11,NA,NA,NA,NA,NA,NA,"9018"
"637","b40-14.3","b40-14","Drought",11.11,NA,NA,NA,NA,NA,NA,"b40-14"
"638","b40-14.9","b40-14","Control",11.11,NA,NA,NA,NA,NA,NA,"b40-14"
"639","b42-34.10","b42-34","Control",11.11,NA,NA,NA,NA,NA,NA,"b42-34"
"640","b42-34.5","b42-34","Drought",11.11,NA,NA,NA,NA,NA,NA,"b42-34"
"641","NY1.2","NY1","Drought",11.11,NA,NA,NA,NA,NA,NA,"NY1"
"642","NY1.8","NY1","Control",11.11,NA,NA,NA,NA,NA,NA,"NY1"
"643","T48.1","T48","Drought",11.11,NA,NA,NA,NA,NA,NA,"T48"
"644","T48.8","T48","Control",11.11,NA,NA,NA,NA,NA,NA,"T48"
"645","T52.10","T52","Control",11.11,NA,NA,NA,NA,NA,NA,"T52"
"646","T52.4","T52","Drought",11.11,NA,NA,NA,NA,NA,NA,"T52"
"647","TXNM0821.2","TXNM0821","Drought",11.11,NA,NA,NA,NA,NA,NA,"TXNM0821"
"648","TXNM0821.9","TXNM0821","Control",11.11,NA,NA,NA,NA,NA,NA,"TXNM0821"
"649","V60-96.2","V60-96","Drought",11.11,NA,NA,NA,NA,NA,NA,"V60-96"
"650","V60-96.6","V60-96","Control",11.11,NA,NA,NA,NA,NA,NA,"V60-96"
"651","Vru42.2","Vru42","Drought",11.11,NA,NA,NA,NA,NA,NA,"Vru42"
"652","Vru42.8","Vru42","Control",11.11,NA,NA,NA,NA,NA,NA,"Vru42"
"653","V60-96.9","V60-96","Control",11.11,NA,NA,NA,NA,NA,NA,"V60-96"
"654","9018.2","9018","Drought",11.11,NA,NA,NA,NA,NA,NA,"9018"
"655","V60-96.10","V60-96","Control",11.11,NA,NA,NA,NA,NA,NA,"V60-96"
"656","b40-14.10","b40-14","Control",11.16,NA,NA,NA,35.10222222,NA,NA,"b40-14"
"657","TXNM0821.10","TXNM0821","Control",11.16,NA,NA,NA,75.0225,NA,NA,"TXNM0821"
"658","V60-96.8","V60-96","Control",11.16,NA,NA,NA,NA,NA,NA,"V60-96"
"659","V60-96.1","V60-96","Drought",11.16,NA,NA,NA,NA,NA,NA,"V60-96"
"660","Vru42.6","Vru42","Control",11.16,NA,NA,NA,33.92819444,NA,NA,"Vru42"
"661","b42-34.5","b42-34","Drought",11.16,NA,NA,NA,NA,NA,NA,"b42-34"
"662","NY1.2","NY1","Drought",11.16,NA,NA,NA,NA,NA,NA,"NY1"
"663","NY1.8","NY1","Control",11.16,NA,NA,NA,NA,NA,NA,"NY1"
"664","T48.1","T48","Drought",11.16,NA,NA,NA,NA,NA,NA,"T48"
"665","T48.8","T48","Control",11.16,NA,NA,NA,NA,NA,NA,"T48"
"666","T52.10","T52","Control",11.16,NA,NA,NA,NA,NA,NA,"T52"
"667","T52.4","T52","Drought",11.16,NA,NA,NA,NA,NA,NA,"T52"
"668","TXNM0821.9","TXNM0821","Control",11.16,NA,NA,NA,NA,NA,NA,"TXNM0821"
"669","V60-96.2","V60-96","Drought",11.16,NA,NA,NA,NA,NA,NA,"V60-96"
"670","V60-96.6","V60-96","Control",11.16,NA,NA,NA,NA,NA,NA,"V60-96"
"671","Vru42.2","Vru42","Drought",11.16,NA,NA,NA,NA,NA,NA,"Vru42"
"672","9018.1","9018","Drought",11.16,NA,NA,NA,NA,NA,NA,"9018"
"673","9018.9","9018","Control",11.16,NA,NA,NA,NA,NA,NA,"9018"
"674","b40-14.5","b40-14","Drought",11.16,NA,NA,NA,NA,NA,NA,"b40-14"
"675","b40-14.7","b40-14","Control",11.16,NA,NA,NA,NA,NA,NA,"b40-14"
"676","b42-34.4","b42-34","Drought",11.16,NA,NA,NA,NA,NA,NA,"b42-34"
"677","b42-34.7","b42-34","Control",11.16,NA,NA,NA,NA,NA,NA,"b42-34"
"678","NY1.10","NY1","Control",11.16,NA,NA,NA,NA,NA,NA,"NY1"
"679","NY1.4","NY1","Drought",11.16,NA,NA,NA,NA,NA,NA,"NY1"
"680","T48.10","T48","Control",11.16,NA,NA,NA,NA,NA,NA,"T48"
"681","T48.3","T48","Drought",11.16,NA,NA,NA,NA,NA,NA,"T48"
"682","T52.5","T52","Drought",11.16,NA,NA,NA,NA,NA,NA,"T52"
"683","T52.8","T52","Control",11.16,NA,NA,NA,NA,NA,NA,"T52"
"684","TXNM0821.1","TXNM0821","Drought",11.16,NA,NA,NA,NA,NA,NA,"TXNM0821"
"685","TXNM0821.5","TXNM0821","Control",11.16,NA,NA,NA,NA,NA,NA,"TXNM0821"
"686","TXNM0821.8","TXNM0821","Drought",11.16,NA,NA,NA,NA,NA,NA,"TXNM0821"
"687","V60-96.4","V60-96","Drought",11.16,NA,NA,NA,NA,NA,NA,"V60-96"
"688","V60-96.9","V60-96","Control",11.16,NA,NA,NA,NA,NA,NA,"V60-96"
"689","Vru42.3","Vru42","Drought",11.16,NA,NA,NA,NA,NA,NA,"Vru42"
"690","Vru42.9","Vru42","Control",11.16,NA,NA,NA,NA,NA,NA,"Vru42"
"691","9018.2","9018","Drought",11.16,NA,NA,NA,NA,NA,NA,"9018"
"692","9018.7","9018","Control",11.16,NA,NA,NA,NA,NA,NA,"9018"
"693","b40-14.4","b40-14","Drought",11.16,NA,NA,NA,NA,NA,NA,"b40-14"
"694","b40-14.8","b40-14","Control",11.16,NA,NA,NA,NA,NA,NA,"b40-14"
"695","b42-34.3","b42-34","Drought",11.16,NA,NA,NA,NA,NA,NA,"b42-34"
"696","b42-34.8","b42-34","Control",11.16,NA,NA,NA,NA,NA,NA,"b42-34"
"697","NY1.3","NY1","Drought",11.16,NA,NA,NA,NA,NA,NA,"NY1"
"698","NY1.7","NY1","Control",11.16,NA,NA,NA,NA,NA,NA,"NY1"
"699","T48.5","T48","Drought",11.16,NA,NA,NA,NA,NA,NA,"T48"
"700","T48.9","T48","Control",11.16,NA,NA,NA,NA,NA,NA,"T48"
"701","T52.2","T52","Drought",11.16,NA,NA,NA,NA,NA,NA,"T52"
"702","T52.9","T52","Control",11.16,NA,NA,NA,NA,NA,NA,"T52"
"703","TXNM0821.6","TXNM0821","Control",11.16,NA,NA,NA,NA,NA,NA,"TXNM0821"
"704","V60-96.10","V60-96","Control",11.16,NA,NA,NA,NA,NA,NA,"V60-96"
"705","V60-96.5","V60-96","Drought",11.16,NA,NA,NA,NA,NA,NA,"V60-96"
"706","Vru42.4","Vru42","Drought",11.16,NA,NA,NA,NA,NA,NA,"Vru42"
"707","Vru42.7","Vru42","Control",11.16,NA,NA,NA,NA,NA,NA,"Vru42"
"708","9018.5","9018","Drought",11.17,NA,NA,NA,NA,NA,NA,"9018"
"709","9018.6","9018","Control",11.17,NA,NA,NA,NA,NA,NA,"9018"
"710","b40-14.1","b40-14","Drought",11.17,NA,NA,NA,NA,NA,NA,"b40-14"
"711","b40-14.10","b40-14","Control",11.17,NA,NA,NA,NA,NA,NA,"b40-14"
"712","b42-34.2","b42-34","Drought",11.17,NA,NA,NA,NA,NA,NA,"b42-34"
"713","b42-34.6","b42-34","Control",11.17,NA,NA,NA,NA,NA,NA,"b42-34"
"714","NY1.1","NY1","Drought",11.17,NA,NA,NA,NA,NA,NA,"NY1"
"715","NY1.6","NY1","Control",11.17,NA,NA,NA,NA,NA,NA,"NY1"
"716","T48.4","T48","Drought",11.17,NA,NA,NA,NA,NA,NA,"T48"
"717","T48.7","T48","Control",11.17,NA,NA,NA,NA,NA,NA,"T48"
"718","T52.3","T52","Drought",11.17,NA,NA,NA,NA,NA,NA,"T52"
"719","T52.7","T52","Control",11.17,NA,NA,NA,NA,NA,NA,"T52"
"720","TXNM0821.10","TXNM0821","Control",11.17,NA,NA,NA,NA,NA,NA,"TXNM0821"
"721","TXNM0821.4","TXNM0821","Drought",11.17,NA,NA,NA,NA,NA,NA,"TXNM0821"
"722","V60-96.3","V60-96","Drought",11.17,NA,NA,NA,NA,NA,NA,"V60-96"
"723","V60-96.8","V60-96","Control",11.17,NA,NA,NA,NA,NA,NA,"V60-96"
"724","Vru42.1","Vru42","Drought",11.17,NA,NA,NA,NA,NA,NA,"Vru42"
"725","Vru42.10","Vru42","Control",11.17,NA,NA,NA,NA,NA,NA,"Vru42"
"726","9018.3","9018","Drought",11.17,NA,NA,NA,NA,NA,NA,"9018"
"727","9018.8","9018","Control",11.17,NA,NA,NA,NA,NA,NA,"9018"
"728","b40-14.2","b40-14","Drought",11.17,NA,NA,NA,NA,NA,NA,"b40-14"
"729","b40-14.6","b40-14","Control",11.17,NA,NA,NA,NA,NA,NA,"b40-14"
"730","b42-34.1","b42-34","Drought",11.17,NA,NA,NA,NA,NA,NA,"b42-34"
"731","b42-34.9","b42-34","Control",11.17,NA,NA,NA,NA,NA,NA,"b42-34"
"732","NY1.5","NY1","Drought",11.17,NA,NA,NA,NA,NA,NA,"NY1"
"733","NY1.9","NY1","Control",11.17,NA,NA,NA,NA,NA,NA,"NY1"
"734","T48.2","T48","Drought",11.17,NA,NA,NA,NA,NA,NA,"T48"
"735","T48.6","T48","Control",11.17,NA,NA,NA,NA,NA,NA,"T48"
"736","T52.1","T52","Drought",11.17,NA,NA,NA,NA,NA,NA,"T52"
"737","T52.6","T52","Control",11.17,NA,NA,NA,NA,NA,NA,"T52"
"738","TXNM0821.3","TXNM0821","Drought",11.17,NA,NA,NA,NA,NA,NA,"TXNM0821"
"739","TXNM0821.7","TXNM0821","Control",11.17,NA,NA,NA,NA,NA,NA,"TXNM0821"
"740","V60-96.1","V60-96","Drought",11.17,NA,NA,NA,NA,NA,NA,"V60-96"
"741","V60-96.7","V60-96","Control",11.17,NA,NA,NA,NA,NA,NA,"V60-96"
"742","Vru42.5","Vru42","Drought",11.17,NA,NA,NA,NA,NA,NA,"Vru42"
"743","Vru42.6","Vru42","Control",11.17,NA,NA,NA,NA,NA,NA,"Vru42"
"744","9018.10","9018","Control",11.17,NA,NA,NA,NA,NA,NA,"9018"
"745","9018.4","9018","Drought",11.17,NA,NA,NA,NA,NA,NA,"9018"
"746","b40-14.3","b40-14","Drought",11.17,NA,NA,NA,NA,NA,NA,"b40-14"
"747","b40-14.9","b40-14","Control",11.17,NA,NA,NA,NA,NA,NA,"b40-14"
"748","b42-34.10","b42-34","Control",11.17,NA,NA,NA,NA,NA,NA,"b42-34"
"749","b42-34.5","b42-34","Drought",11.17,NA,NA,NA,44.78027778,NA,NA,"b42-34"
"750","T48.8","T48","Control",11.17,NA,NA,NA,NA,NA,NA,"T48"
"751","TXNM0821.2","TXNM0821","Drought",11.17,NA,NA,NA,NA,NA,NA,"TXNM0821"
"752","V60-96.2","V60-96","Drought",11.17,NA,NA,NA,NA,NA,NA,"V60-96"
"753","Vru42.8","Vru42","Control",11.17,NA,NA,NA,NA,NA,NA,"Vru42"
"754","b40-14.4","b40-14","Drought",11.17,NA,NA,NA,28.88236111,NA,NA,"b40-14"
"755","b42-34.3","b42-34","Drought",11.17,NA,NA,NA,38.39111111,NA,NA,"b42-34"
"756","V60-96.10","V60-96","Control",11.17,NA,NA,NA,NA,NA,NA,"V60-96"
"757","V60-96.5","V60-96","Drought",11.17,NA,NA,NA,NA,NA,NA,"V60-96"
"758","Vru42.4","Vru42","Drought",11.17,NA,NA,NA,30.29263889,NA,NA,"Vru42"
"759","b42-34.5","b42-34","Drought",12.1,NA,NA,NA,NA,NA,NA,"b42-34"
"760","NY1.2","NY1","Drought",12.1,NA,NA,NA,NA,NA,NA,"NY1"
"761","NY1.8","NY1","Control",12.1,NA,NA,NA,NA,NA,NA,"NY1"
"762","T48.1","T48","Drought",12.1,NA,NA,NA,NA,NA,NA,"T48"
"763","T48.8","T48","Control",12.1,NA,NA,NA,NA,NA,NA,"T48"
"764","T52.10","T52","Control",12.1,NA,NA,NA,NA,NA,NA,"T52"
"765","T52.4","T52","Drought",12.1,NA,NA,NA,NA,NA,NA,"T52"
"766","TXNM0821.9","TXNM0821","Control",12.1,NA,NA,NA,NA,NA,NA,"TXNM0821"
"767","V60-96.2","V60-96","Drought",12.1,NA,NA,NA,34.77736111,NA,NA,"V60-96"
"768","V60-96.6","V60-96","Control",12.1,NA,NA,NA,NA,NA,NA,"V60-96"
"769","Vru42.2","Vru42","Drought",12.1,NA,NA,NA,NA,NA,NA,"Vru42"
"770","9018.1","9018","Drought",12.1,NA,NA,NA,NA,NA,NA,"9018"
"771","9018.9","9018","Control",12.1,NA,NA,NA,NA,NA,NA,"9018"
"772","b40-14.5","b40-14","Drought",12.1,NA,NA,NA,NA,NA,NA,"b40-14"
"773","b40-14.7","b40-14","Control",12.1,NA,NA,NA,NA,NA,NA,"b40-14"
"774","b42-34.4","b42-34","Drought",12.1,NA,NA,NA,NA,NA,NA,"b42-34"
"775","b42-34.7","b42-34","Control",12.1,NA,NA,NA,NA,NA,NA,"b42-34"
"776","NY1.10","NY1","Control",12.1,NA,NA,NA,NA,NA,NA,"NY1"
"777","NY1.4","NY1","Drought",12.1,NA,NA,NA,NA,NA,NA,"NY1"
"778","T48.10","T48","Control",12.1,NA,NA,NA,NA,NA,NA,"T48"
"779","T48.3","T48","Drought",12.1,NA,NA,NA,NA,NA,NA,"T48"
"780","T52.5","T52","Drought",12.1,NA,NA,NA,NA,NA,NA,"T52"
"781","T52.8","T52","Control",12.1,NA,NA,NA,NA,NA,NA,"T52"
"782","TXNM0821.1","TXNM0821","Drought",12.1,NA,NA,NA,NA,NA,NA,"TXNM0821"
"783","TXNM0821.5","TXNM0821","Control",12.1,NA,NA,NA,NA,NA,NA,"TXNM0821"
"784","TXNM0821.8","TXNM0821","Drought",12.1,NA,NA,NA,NA,NA,NA,"TXNM0821"
"785","V60-96.4","V60-96","Drought",12.1,NA,NA,NA,NA,NA,NA,"V60-96"
"786","V60-96.9","V60-96","Control",12.1,NA,NA,NA,NA,NA,NA,"V60-96"
"787","Vru42.3","Vru42","Drought",12.1,NA,NA,NA,NA,NA,NA,"Vru42"
"788","Vru42.9","Vru42","Control",12.1,NA,NA,NA,NA,NA,NA,"Vru42"
"789","9018.2","9018","Drought",12.1,NA,NA,NA,NA,NA,NA,"9018"
"790","9018.7","9018","Control",12.1,NA,NA,NA,NA,NA,NA,"9018"
"791","b40-14.4","b40-14","Drought",12.1,NA,NA,NA,NA,NA,NA,"b40-14"
"792","b40-14.8","b40-14","Control",12.1,NA,NA,NA,NA,NA,NA,"b40-14"
"793","b42-34.3","b42-34","Drought",12.1,NA,NA,NA,NA,NA,NA,"b42-34"
"794","b42-34.8","b42-34","Control",12.1,NA,NA,NA,NA,NA,NA,"b42-34"
"795","NY1.3","NY1","Drought",12.1,NA,NA,NA,NA,NA,NA,"NY1"
"796","NY1.7","NY1","Control",12.1,NA,NA,NA,NA,NA,NA,"NY1"
"797","T48.5","T48","Drought",12.1,NA,NA,NA,NA,NA,NA,"T48"
"798","T48.9","T48","Control",12.1,NA,NA,NA,NA,NA,NA,"T48"
"799","T52.2","T52","Drought",12.1,NA,NA,NA,NA,NA,NA,"T52"
"800","T52.9","T52","Control",12.1,NA,NA,NA,NA,NA,NA,"T52"
"801","TXNM0821.6","TXNM0821","Control",12.1,NA,NA,NA,NA,NA,NA,"TXNM0821"
"802","V60-96.10","V60-96","Control",12.1,NA,NA,NA,NA,NA,NA,"V60-96"
"803","V60-96.5","V60-96","Drought",12.1,NA,NA,NA,NA,NA,NA,"V60-96"
"804","Vru42.4","Vru42","Drought",12.1,NA,NA,NA,NA,NA,NA,"Vru42"
"805","Vru42.7","Vru42","Control",12.1,NA,NA,NA,NA,NA,NA,"Vru42"
"806","9018.5","9018","Drought",12.2,NA,NA,NA,NA,NA,NA,"9018"
"807","9018.6","9018","Control",12.2,NA,NA,NA,NA,NA,NA,"9018"
"808","b40-14.1","b40-14","Drought",12.2,NA,NA,NA,NA,NA,NA,"b40-14"
"809","b42-34.2","b42-34","Drought",12.2,NA,NA,NA,NA,NA,NA,"b42-34"
"810","b42-34.6","b42-34","Control",12.2,NA,NA,NA,NA,NA,NA,"b42-34"
"811","NY1.1","NY1","Drought",12.2,NA,NA,NA,NA,NA,NA,"NY1"
"812","NY1.6","NY1","Control",12.2,NA,NA,NA,NA,NA,NA,"NY1"
"813","T48.4","T48","Drought",12.2,NA,NA,NA,NA,NA,NA,"T48"
"814","T48.7","T48","Control",12.2,NA,NA,NA,NA,NA,NA,"T48"
"815","T52.3","T52","Drought",12.2,NA,NA,NA,NA,NA,NA,"T52"
"816","T52.7","T52","Control",12.2,NA,NA,NA,NA,NA,NA,"T52"
"817","TXNM0821.10","TXNM0821","Control",12.2,NA,NA,NA,NA,NA,NA,"TXNM0821"
"818","TXNM0821.4","TXNM0821","Drought",12.2,NA,NA,NA,NA,NA,NA,"TXNM0821"
"819","V60-96.3","V60-96","Drought",12.2,NA,NA,NA,NA,NA,NA,"V60-96"
"820","V60-96.8","V60-96","Control",12.2,NA,NA,NA,NA,NA,NA,"V60-96"
"821","Vru42.10","Vru42","Control",12.2,NA,NA,NA,NA,NA,NA,"Vru42"
"822","9018.3","9018","Drought",12.2,NA,NA,NA,NA,NA,NA,"9018"
"823","9018.8","9018","Control",12.2,NA,NA,NA,NA,NA,NA,"9018"
"824","b40-14.2","b40-14","Drought",12.2,NA,NA,NA,NA,NA,NA,"b40-14"
"825","b40-14.6","b40-14","Control",12.2,NA,NA,NA,NA,NA,NA,"b40-14"
"826","b42-34.1","b42-34","Drought",12.2,NA,NA,NA,NA,NA,NA,"b42-34"
"827","b42-34.9","b42-34","Control",12.2,NA,NA,NA,NA,NA,NA,"b42-34"
"828","NY1.5","NY1","Drought",12.2,NA,NA,NA,NA,NA,NA,"NY1"
"829","NY1.9","NY1","Control",12.2,NA,NA,NA,NA,NA,NA,"NY1"
"830","T48.2","T48","Drought",12.2,NA,NA,NA,NA,NA,NA,"T48"
"831","T48.6","T48","Control",12.2,NA,NA,NA,NA,NA,NA,"T48"
"832","T52.1","T52","Drought",12.2,NA,NA,NA,NA,NA,NA,"T52"
"833","T52.6","T52","Control",12.2,NA,NA,NA,NA,NA,NA,"T52"
"834","TXNM0821.3","TXNM0821","Drought",12.2,NA,NA,NA,NA,NA,NA,"TXNM0821"
"835","TXNM0821.7","TXNM0821","Control",12.2,NA,NA,NA,NA,NA,NA,"TXNM0821"
"836","V60-96.1","V60-96","Drought",12.2,NA,NA,NA,NA,NA,NA,"V60-96"
"837","V60-96.7","V60-96","Control",12.2,NA,NA,NA,NA,NA,NA,"V60-96"
"838","Vru42.5","Vru42","Drought",12.2,NA,NA,NA,NA,NA,NA,"Vru42"
"839","Vru42.6","Vru42","Control",12.2,NA,NA,NA,NA,NA,NA,"Vru42"
"840","9018.10","9018","Control",12.2,NA,NA,NA,NA,NA,NA,"9018"
"841","9018.4","9018","Drought",12.2,NA,NA,NA,NA,NA,NA,"9018"
"842","b40-14.3","b40-14","Drought",12.2,NA,NA,NA,NA,NA,NA,"b40-14"
"843","b40-14.9","b40-14","Control",12.2,NA,NA,NA,NA,NA,NA,"b40-14"
"844","b42-34.10","b42-34","Control",12.2,NA,NA,NA,NA,NA,NA,"b42-34"
"845","TXNM0821.2","TXNM0821","Drought",12.2,NA,NA,NA,NA,NA,NA,"TXNM0821"
"846","V60-96.2","V60-96","Drought",12.2,NA,NA,NA,NA,NA,NA,"V60-96"
"847","Vru42.8","Vru42","Control",12.2,NA,NA,NA,NA,NA,NA,"Vru42"
"848","b40-14.4","b40-14","Drought",12.2,NA,NA,NA,NA,NA,NA,"b40-14"
"849","b40-14.1","b40-14","Drought",12.11,NA,NA,NA,15.90208333,NA,21.65909722,"b40-14"
"850","9018.8","9018","Control",12.11,NA,NA,NA,NA,NA,NA,"9018"
"851","b40-14.2","b40-14","Drought",12.11,NA,NA,NA,NA,NA,NA,"b40-14"
"852","b40-14.6","b40-14","Control",12.11,NA,NA,NA,NA,NA,NA,"b40-14"
"853","b42-34.1","b42-34","Drought",12.11,NA,NA,NA,NA,NA,NA,"b42-34"
"854","b42-34.9","b42-34","Control",12.11,NA,NA,NA,NA,NA,NA,"b42-34"
"855","NY1.5","NY1","Drought",12.11,NA,NA,NA,NA,NA,NA,"NY1"
"856","NY1.9","NY1","Control",12.11,NA,NA,NA,NA,NA,NA,"NY1"
"857","T48.2","T48","Drought",12.11,NA,NA,NA,NA,NA,NA,"T48"
"858","T48.6","T48","Control",12.11,NA,NA,NA,NA,NA,NA,"T48"
"859","T52.6","T52","Control",12.11,NA,NA,NA,NA,NA,NA,"T52"
"860","TXNM0821.3","TXNM0821","Drought",12.11,NA,NA,NA,NA,NA,NA,"TXNM0821"
"861","TXNM0821.7","TXNM0821","Control",12.11,NA,NA,NA,NA,NA,NA,"TXNM0821"
"862","V60-96.7","V60-96","Control",12.11,NA,NA,NA,NA,NA,NA,"V60-96"
"863","Vru42.5","Vru42","Drought",12.11,NA,NA,NA,NA,NA,NA,"Vru42"
"864","9018.10","9018","Control",12.11,NA,NA,NA,NA,NA,NA,"9018"
"865","9018.4","9018","Drought",12.11,NA,NA,NA,NA,NA,NA,"9018"
"866","b40-14.3","b40-14","Drought",12.11,NA,NA,NA,NA,NA,NA,"b40-14"
"867","b40-14.9","b40-14","Control",12.11,NA,NA,NA,NA,NA,NA,"b40-14"
"868","b42-34.10","b42-34","Control",12.11,NA,NA,NA,NA,NA,NA,"b42-34"
"869","b42-34.5","b42-34","Drought",12.11,NA,NA,NA,NA,NA,NA,"b42-34"
"870","NY1.2","NY1","Drought",12.11,NA,NA,NA,NA,NA,NA,"NY1"
"871","NY1.8","NY1","Control",12.11,NA,NA,NA,NA,NA,NA,"NY1"
"872","T48.1","T48","Drought",12.11,NA,NA,NA,NA,NA,NA,"T48"
"873","T48.8","T48","Control",12.11,NA,NA,NA,NA,NA,NA,"T48"
"874","T52.10","T52","Control",12.11,NA,NA,NA,NA,NA,NA,"T52"
"875","T52.4","T52","Drought",12.11,NA,NA,NA,NA,NA,NA,"T52"
"876","TXNM0821.2","TXNM0821","Drought",12.11,NA,NA,NA,NA,NA,NA,"TXNM0821"
"877","TXNM0821.9","TXNM0821","Control",12.11,NA,NA,NA,NA,NA,NA,"TXNM0821"
"878","V60-96.2","V60-96","Drought",12.11,NA,NA,NA,NA,NA,NA,"V60-96"
"879","V60-96.6","V60-96","Control",12.11,NA,NA,NA,NA,NA,NA,"V60-96"
"880","Vru42.2","Vru42","Drought",12.11,NA,NA,NA,NA,NA,NA,"Vru42"
"881","Vru42.8","Vru42","Control",12.11,NA,NA,NA,NA,NA,NA,"Vru42"
"882","9018.1","9018","Drought",12.11,NA,NA,NA,NA,NA,NA,"9018"
"883","9018.9","9018","Control",12.11,NA,NA,NA,NA,NA,NA,"9018"
"884","b40-14.5","b40-14","Drought",12.11,NA,NA,NA,NA,NA,NA,"b40-14"
"885","b40-14.7","b40-14","Control",12.11,NA,NA,NA,NA,NA,NA,"b40-14"
"886","b42-34.4","b42-34","Drought",12.11,NA,NA,NA,NA,NA,NA,"b42-34"
"887","b42-34.7","b42-34","Control",12.11,NA,NA,NA,NA,NA,NA,"b42-34"
"888","NY1.10","NY1","Control",12.11,NA,NA,NA,NA,NA,NA,"NY1"
"889","NY1.4","NY1","Drought",12.11,NA,NA,NA,NA,NA,NA,"NY1"
"890","T48.10","T48","Control",12.11,NA,NA,NA,NA,NA,NA,"T48"
"891","T48.3","T48","Drought",12.11,NA,NA,NA,NA,NA,NA,"T48"
"892","T52.5","T52","Drought",12.11,NA,NA,NA,NA,NA,NA,"T52"
"893","T52.8","T52","Control",12.11,NA,NA,NA,NA,NA,NA,"T52"
"894","TXNM0821.1","TXNM0821","Drought",12.11,NA,NA,NA,NA,NA,NA,"TXNM0821"
"895","TXNM0821.5","TXNM0821","Control",12.11,NA,NA,NA,NA,NA,NA,"TXNM0821"
"896","TXNM0821.8","TXNM0821","Drought",12.11,NA,NA,NA,NA,NA,NA,"TXNM0821"
"897","V60-96.4","V60-96","Drought",12.11,NA,NA,NA,NA,NA,NA,"V60-96"
"898","V60-96.9","V60-96","Control",12.11,NA,NA,NA,NA,NA,NA,"V60-96"
"899","Vru42.3","Vru42","Drought",12.11,NA,NA,NA,NA,NA,NA,"Vru42"
"900","Vru42.9","Vru42","Control",12.11,NA,NA,NA,NA,NA,NA,"Vru42"
"901","9018.2","9018","Drought",12.11,NA,NA,NA,NA,NA,NA,"9018"
"902","9018.7","9018","Control",12.11,NA,NA,NA,NA,NA,NA,"9018"
"903","b40-14.4","b40-14","Drought",12.11,NA,NA,NA,NA,NA,NA,"b40-14"
"904","b40-14.8","b40-14","Control",12.11,NA,NA,NA,NA,NA,NA,"b40-14"
"905","b42-34.3","b42-34","Drought",12.11,NA,NA,NA,NA,NA,NA,"b42-34"
"906","b42-34.8","b42-34","Control",12.11,NA,NA,NA,NA,NA,NA,"b42-34"
"907","NY1.3","NY1","Drought",12.11,NA,NA,NA,NA,NA,NA,"NY1"
"908","NY1.7","NY1","Control",12.11,NA,NA,NA,NA,NA,NA,"NY1"
"909","T48.5","T48","Drought",12.11,NA,NA,NA,NA,NA,NA,"T48"
"910","T48.9","T48","Control",12.11,NA,NA,NA,NA,NA,NA,"T48"
"911","T52.2","T52","Drought",12.11,NA,NA,NA,NA,NA,NA,"T52"
"912","T52.9","T52","Control",12.11,NA,NA,NA,NA,NA,NA,"T52"
"913","TXNM0821.6","TXNM0821","Control",12.11,NA,NA,NA,NA,NA,NA,"TXNM0821"
"914","V60-96.10","V60-96","Control",12.11,NA,NA,NA,NA,NA,NA,"V60-96"
"915","V60-96.5","V60-96","Drought",12.11,NA,NA,NA,NA,NA,NA,"V60-96"
"916","Vru42.4","Vru42","Drought",12.11,NA,NA,NA,NA,NA,NA,"Vru42"
"917","Vru42.7","Vru42","Control",12.11,NA,NA,NA,NA,NA,NA,"Vru42"
"918","9018.5","9018","Drought",12.15,NA,NA,NA,NA,NA,NA,"9018"
"919","9018.6","9018","Control",12.15,NA,NA,NA,NA,NA,NA,"9018"
"920","b40-14.1","b40-14","Drought",12.15,NA,NA,NA,NA,NA,NA,"b40-14"
"921","b40-14.10","b40-14","Control",12.15,NA,NA,NA,NA,NA,NA,"b40-14"
"922","b42-34.2","b42-34","Drought",12.15,NA,NA,NA,NA,NA,NA,"b42-34"
"923","b42-34.6","b42-34","Control",12.15,NA,NA,NA,NA,NA,NA,"b42-34"
"924","NY1.1","NY1","Drought",12.15,NA,NA,NA,NA,NA,NA,"NY1"
"925","NY1.6","NY1","Control",12.15,NA,NA,NA,NA,NA,NA,"NY1"
"926","T48.4","T48","Drought",12.15,NA,NA,NA,NA,NA,NA,"T48"
"927","T48.7","T48","Control",12.15,NA,NA,NA,NA,NA,NA,"T48"
"928","T52.3","T52","Drought",12.15,NA,NA,NA,NA,NA,NA,"T52"
"929","T52.7","T52","Control",12.15,NA,NA,NA,NA,NA,NA,"T52"
"930","TXNM0821.10","TXNM0821","Control",12.15,NA,NA,NA,NA,NA,NA,"TXNM0821"
"931","TXNM0821.4","TXNM0821","Drought",12.15,NA,NA,NA,NA,NA,NA,"TXNM0821"
"932","V60-96.3","V60-96","Drought",12.15,NA,NA,NA,NA,NA,NA,"V60-96"
"933","V60-96.8","V60-96","Control",12.15,NA,NA,NA,NA,NA,NA,"V60-96"
"934","Vru42.1","Vru42","Drought",12.15,NA,NA,NA,NA,NA,NA,"Vru42"
"935","Vru42.10","Vru42","Control",12.15,NA,NA,NA,NA,NA,NA,"Vru42"
"936","9018.10","9018","Control",12.15,NA,NA,NA,NA,NA,NA,"9018"
"937","9018.4","9018","Drought",12.15,NA,NA,NA,NA,NA,NA,"9018"
"938","b40-14.3","b40-14","Drought",12.15,NA,NA,NA,NA,NA,NA,"b40-14"
"939","b40-14.9","b40-14","Control",12.15,NA,NA,NA,NA,NA,NA,"b40-14"
"940","b42-34.10","b42-34","Control",12.15,NA,NA,NA,NA,NA,NA,"b42-34"
"941","b42-34.5","b42-34","Drought",12.15,NA,NA,NA,NA,NA,NA,"b42-34"
"942","NY1.2","NY1","Drought",12.15,NA,NA,NA,NA,NA,NA,"NY1"
"943","NY1.8","NY1","Control",12.15,NA,NA,NA,NA,NA,NA,"NY1"
"944","T48.1","T48","Drought",12.15,NA,NA,NA,NA,NA,NA,"T48"
"945","T48.8","T48","Control",12.15,NA,NA,NA,NA,NA,NA,"T48"
"946","T52.10","T52","Control",12.15,NA,NA,NA,NA,NA,NA,"T52"
"947","T52.4","T52","Drought",12.15,NA,NA,NA,NA,NA,NA,"T52"
"948","TXNM0821.2","TXNM0821","Drought",12.15,NA,NA,NA,NA,NA,NA,"TXNM0821"
"949","TXNM0821.9","TXNM0821","Control",12.15,NA,NA,NA,NA,NA,NA,"TXNM0821"
"950","V60-96.2","V60-96","Drought",12.15,NA,NA,NA,NA,NA,NA,"V60-96"
"951","V60-96.6","V60-96","Control",12.15,NA,NA,NA,NA,NA,NA,"V60-96"
"952","Vru42.2","Vru42","Drought",12.15,NA,NA,NA,NA,NA,NA,"Vru42"
"953","Vru42.8","Vru42","Control",12.15,NA,NA,NA,NA,NA,NA,"Vru42"
"954","9018.1","9018","Drought",12.15,NA,NA,NA,NA,NA,NA,"9018"
"955","9018.9","9018","Control",12.15,NA,NA,NA,NA,NA,NA,"9018"
"956","b40-14.5","b40-14","Drought",12.15,NA,NA,NA,NA,NA,NA,"b40-14"
"957","b40-14.7","b40-14","Control",12.15,NA,NA,NA,NA,NA,NA,"b40-14"
"958","b42-34.4","b42-34","Drought",12.15,NA,NA,NA,NA,NA,NA,"b42-34"
"959","b42-34.7","b42-34","Control",12.15,NA,NA,NA,NA,NA,NA,"b42-34"
"960","NY1.10","NY1","Control",12.15,NA,NA,NA,NA,NA,NA,"NY1"
"961","NY1.4","NY1","Drought",12.15,NA,NA,NA,NA,NA,NA,"NY1"
"962","T48.10","T48","Control",12.15,NA,NA,NA,NA,NA,NA,"T48"
"963","T48.3","T48","Drought",12.15,NA,NA,NA,NA,NA,NA,"T48"
"964","T52.5","T52","Drought",12.15,NA,NA,NA,NA,NA,NA,"T52"
"965","T52.8","T52","Control",12.15,NA,NA,NA,NA,NA,NA,"T52"
"966","TXNM0821.1","TXNM0821","Drought",12.15,NA,NA,NA,NA,NA,NA,"TXNM0821"
"967","TXNM0821.5","TXNM0821","Control",12.15,NA,NA,NA,NA,NA,NA,"TXNM0821"
"968","TXNM0821.8","TXNM0821","Drought",12.15,NA,NA,NA,NA,NA,NA,"TXNM0821"
"969","V60-96.4","V60-96","Drought",12.15,NA,NA,NA,NA,NA,NA,"V60-96"
"970","V60-96.9","V60-96","Control",12.15,NA,NA,NA,NA,NA,NA,"V60-96"
"971","Vru42.3","Vru42","Drought",12.15,NA,NA,NA,NA,NA,NA,"Vru42"
"972","Vru42.9","Vru42","Control",12.15,NA,NA,NA,NA,NA,NA,"Vru42"
"973","9018.2","9018","Drought",12.15,NA,NA,NA,NA,NA,NA,"9018"
"974","9018.7","9018","Control",12.15,NA,NA,NA,NA,NA,NA,"9018"
"975","b40-14.4","b40-14","Drought",12.15,NA,NA,NA,NA,NA,NA,"b40-14"
"976","b40-14.8","b40-14","Control",12.15,NA,NA,NA,NA,NA,NA,"b40-14"
"977","b42-34.3","b42-34","Drought",12.15,NA,NA,NA,NA,NA,NA,"b42-34"
"978","b42-34.8","b42-34","Control",12.15,NA,NA,NA,NA,NA,NA,"b42-34"
"979","NY1.3","NY1","Drought",12.15,NA,NA,NA,NA,NA,NA,"NY1"
"980","NY1.7","NY1","Control",12.15,NA,NA,NA,NA,NA,NA,"NY1"
"981","T48.5","T48","Drought",12.15,NA,NA,NA,NA,NA,NA,"T48"
"982","T48.9","T48","Control",12.15,NA,NA,NA,NA,NA,NA,"T48"
"983","T52.2","T52","Drought",12.15,NA,NA,NA,NA,NA,NA,"T52"
"984","T52.9","T52","Control",12.15,NA,NA,NA,NA,NA,NA,"T52"
"985","TXNM0821.6","TXNM0821","Control",12.15,NA,NA,NA,NA,NA,NA,"TXNM0821"
"986","V60-96.10","V60-96","Control",12.15,NA,NA,NA,NA,NA,NA,"V60-96"
"987","V60-96.5","V60-96","Drought",12.15,NA,NA,NA,NA,NA,NA,"V60-96"
"988","Vru42.4","Vru42","Drought",12.15,NA,NA,NA,NA,NA,NA,"Vru42"
"989","Vru42.7","Vru42","Control",12.15,NA,NA,NA,NA,NA,NA,"Vru42"
"990","9018.5","9018","Drought",12.16,NA,NA,NA,NA,NA,NA,"9018"
"991","9018.6","9018","Control",12.16,NA,NA,NA,NA,NA,NA,"9018"
"992","b40-14.1","b40-14","Drought",12.16,NA,NA,NA,NA,NA,NA,"b40-14"
"993","b40-14.10","b40-14","Control",12.16,NA,NA,NA,NA,NA,NA,"b40-14"
"994","b42-34.2","b42-34","Drought",12.16,NA,NA,NA,NA,NA,NA,"b42-34"
"995","b42-34.6","b42-34","Control",12.16,NA,NA,NA,NA,NA,NA,"b42-34"
"996","NY1.1","NY1","Drought",12.16,NA,NA,NA,NA,NA,NA,"NY1"
"997","NY1.6","NY1","Control",12.16,NA,NA,NA,NA,NA,NA,"NY1"
"998","T48.4","T48","Drought",12.16,NA,NA,NA,NA,NA,NA,"T48"
"999","T48.7","T48","Control",12.16,NA,NA,NA,NA,NA,NA,"T48"
"1000","T52.3","T52","Drought",12.16,NA,NA,NA,NA,NA,NA,"T52"
"1001","T52.7","T52","Control",12.16,NA,NA,NA,NA,NA,NA,"T52"
"1002","TXNM0821.10","TXNM0821","Control",12.16,NA,NA,NA,NA,NA,NA,"TXNM0821"
"1003","TXNM0821.4","TXNM0821","Drought",12.16,NA,NA,NA,NA,NA,NA,"TXNM0821"
"1004","V60-96.3","V60-96","Drought",12.16,NA,NA,NA,NA,NA,NA,"V60-96"
"1005","V60-96.8","V60-96","Control",12.16,NA,NA,NA,NA,NA,NA,"V60-96"
"1006","Vru42.1","Vru42","Drought",12.16,NA,NA,NA,NA,NA,NA,"Vru42"
"1007","Vru42.10","Vru42","Control",12.16,NA,NA,NA,NA,NA,NA,"Vru42"
"1008","9018.3","9018","Drought",12.16,NA,NA,NA,NA,NA,NA,"9018"
"1009","9018.8","9018","Control",12.16,NA,NA,NA,NA,NA,NA,"9018"
"1010","b40-14.2","b40-14","Drought",12.16,NA,NA,NA,NA,NA,NA,"b40-14"
"1011","b40-14.6","b40-14","Control",12.16,NA,NA,NA,NA,NA,NA,"b40-14"
"1012","b42-34.1","b42-34","Drought",12.16,NA,NA,NA,NA,NA,NA,"b42-34"
"1013","b42-34.9","b42-34","Control",12.16,NA,NA,NA,NA,NA,NA,"b42-34"
"1014","NY1.5","NY1","Drought",12.16,NA,NA,NA,NA,NA,NA,"NY1"
"1015","NY1.9","NY1","Control",12.16,NA,NA,NA,NA,NA,NA,"NY1"
"1016","T48.2","T48","Drought",12.16,NA,NA,NA,NA,NA,NA,"T48"
"1017","T48.6","T48","Control",12.16,NA,NA,NA,NA,NA,NA,"T48"
"1018","T52.1","T52","Drought",12.16,NA,NA,NA,NA,NA,NA,"T52"
"1019","T52.6","T52","Control",12.16,NA,NA,NA,NA,NA,NA,"T52"
"1020","TXNM0821.3","TXNM0821","Drought",12.16,NA,NA,NA,NA,NA,NA,"TXNM0821"
"1021","TXNM0821.7","TXNM0821","Control",12.16,NA,NA,NA,NA,NA,NA,"TXNM0821"
"1022","V60-96.1","V60-96","Drought",12.16,NA,NA,NA,NA,NA,NA,"V60-96"
"1023","V60-96.7","V60-96","Control",12.16,NA,NA,NA,NA,NA,NA,"V60-96"
"1024","Vru42.5","Vru42","Drought",12.16,NA,NA,NA,NA,NA,NA,"Vru42"
"1025","Vru42.6","Vru42","Control",12.16,NA,NA,NA,NA,NA,NA,"Vru42"
"1026","9018.1","9018","Drought",12.16,NA,NA,NA,NA,NA,NA,"9018"
"1027","9018.9","9018","Control",12.16,NA,NA,NA,NA,NA,NA,"9018"
"1028","b40-14.5","b40-14","Drought",12.16,NA,NA,NA,NA,NA,NA,"b40-14"
"1029","b40-14.7","b40-14","Control",12.16,NA,NA,NA,NA,NA,NA,"b40-14"
"1030","b42-34.4","b42-34","Drought",12.16,NA,NA,NA,NA,NA,NA,"b42-34"
"1031","b42-34.7","b42-34","Control",12.16,NA,NA,NA,NA,NA,NA,"b42-34"
"1032","NY1.10","NY1","Control",12.16,NA,NA,NA,NA,NA,NA,"NY1"
"1033","NY1.4","NY1","Drought",12.16,NA,NA,NA,NA,NA,NA,"NY1"
"1034","T48.10","T48","Control",12.16,NA,NA,NA,NA,NA,NA,"T48"
"1035","T48.3","T48","Drought",12.16,NA,NA,NA,NA,NA,NA,"T48"
"1036","T52.5","T52","Drought",12.16,NA,NA,NA,NA,NA,NA,"T52"
"1037","T52.8","T52","Control",12.16,NA,NA,NA,NA,NA,NA,"T52"
"1038","TXNM0821.1","TXNM0821","Drought",12.16,NA,NA,NA,NA,NA,NA,"TXNM0821"
"1039","TXNM0821.5","TXNM0821","Control",12.16,NA,NA,NA,NA,NA,NA,"TXNM0821"
"1040","TXNM0821.8","TXNM0821","Drought",12.16,NA,NA,NA,NA,NA,NA,"TXNM0821"
"1041","V60-96.4","V60-96","Drought",12.16,NA,NA,NA,NA,NA,NA,"V60-96"
"1042","V60-96.9","V60-96","Control",12.16,NA,NA,NA,NA,NA,NA,"V60-96"
"1043","Vru42.3","Vru42","Drought",12.16,NA,NA,NA,NA,NA,NA,"Vru42"
"1044","Vru42.9","Vru42","Control",12.16,NA,NA,NA,NA,NA,NA,"Vru42"
"1045","9018.2","9018","Drought",12.16,NA,NA,NA,NA,NA,NA,"9018"
"1046","9018.7","9018","Control",12.16,NA,NA,NA,NA,NA,NA,"9018"
"1047","b40-14.4","b40-14","Drought",12.16,NA,NA,NA,NA,NA,NA,"b40-14"
"1048","b40-14.8","b40-14","Control",12.16,NA,NA,NA,NA,NA,NA,"b40-14"
"1049","b42-34.3","b42-34","Drought",12.16,NA,NA,NA,NA,NA,NA,"b42-34"
"1050","b42-34.8","b42-34","Control",12.16,NA,NA,NA,NA,NA,NA,"b42-34"
"1051","NY1.3","NY1","Drought",12.16,NA,NA,NA,NA,NA,NA,"NY1"
"1052","NY1.7","NY1","Control",12.16,NA,NA,NA,NA,NA,NA,"NY1"
"1053","T48.5","T48","Drought",12.16,NA,NA,NA,NA,NA,NA,"T48"
"1054","T48.9","T48","Control",12.16,NA,NA,NA,NA,NA,NA,"T48"
"1055","T52.2","T52","Drought",12.16,NA,NA,NA,NA,NA,NA,"T52"
"1056","T52.9","T52","Control",12.16,NA,NA,NA,NA,NA,NA,"T52"
"1057","TXNM0821.6","TXNM0821","Control",12.16,NA,NA,NA,NA,NA,NA,"TXNM0821"
"1058","V60-96.10","V60-96","Control",12.16,NA,NA,NA,NA,NA,NA,"V60-96"
"1059","V60-96.5","V60-96","Drought",12.16,NA,NA,NA,NA,NA,NA,"V60-96"
"1060","Vru42.4","Vru42","Drought",12.16,NA,NA,NA,NA,NA,NA,"Vru42"
"1061","Vru42.7","Vru42","Control",12.16,NA,NA,NA,NA,NA,NA,"Vru42"
"1062","9018.5","9018","Drought",12.18,NA,NA,NA,NA,NA,NA,"9018"
"1063","9018.6","9018","Control",12.18,NA,NA,NA,NA,NA,NA,"9018"
"1064","b40-14.1","b40-14","Drought",12.18,NA,NA,NA,NA,NA,NA,"b40-14"
"1065","b40-14.10","b40-14","Control",12.18,NA,NA,NA,NA,NA,NA,"b40-14"
"1066","b42-34.2","b42-34","Drought",12.18,NA,NA,NA,NA,NA,NA,"b42-34"
"1067","b42-34.6","b42-34","Control",12.18,NA,NA,NA,NA,NA,NA,"b42-34"
"1068","NY1.1","NY1","Drought",12.18,NA,NA,NA,NA,NA,NA,"NY1"
"1069","NY1.6","NY1","Control",12.18,NA,NA,NA,NA,NA,NA,"NY1"
"1070","T48.4","T48","Drought",12.18,NA,NA,NA,NA,NA,NA,"T48"
"1071","T48.7","T48","Control",12.18,NA,NA,NA,NA,NA,NA,"T48"
"1072","T52.3","T52","Drought",12.18,NA,NA,NA,NA,NA,NA,"T52"
"1073","T52.7","T52","Control",12.18,NA,NA,NA,NA,NA,NA,"T52"
"1074","TXNM0821.10","TXNM0821","Control",12.18,NA,NA,NA,NA,NA,NA,"TXNM0821"
"1075","TXNM0821.4","TXNM0821","Drought",12.18,NA,NA,NA,NA,NA,NA,"TXNM0821"
"1076","V60-96.3","V60-96","Drought",12.18,NA,NA,NA,NA,NA,NA,"V60-96"
"1077","V60-96.8","V60-96","Control",12.18,NA,NA,NA,NA,NA,NA,"V60-96"
"1078","Vru42.1","Vru42","Drought",12.18,NA,NA,NA,NA,NA,NA,"Vru42"
"1079","Vru42.10","Vru42","Control",12.18,NA,NA,NA,NA,NA,NA,"Vru42"
"1080","9018.3","9018","Drought",12.18,NA,NA,NA,NA,NA,NA,"9018"
"1081","9018.8","9018","Control",12.18,NA,NA,NA,NA,NA,NA,"9018"
"1082","b40-14.2","b40-14","Drought",12.18,NA,NA,NA,NA,NA,NA,"b40-14"
"1083","b40-14.6","b40-14","Control",12.18,NA,NA,NA,NA,NA,NA,"b40-14"
"1084","b42-34.1","b42-34","Drought",12.18,NA,NA,NA,NA,NA,NA,"b42-34"
"1085","b42-34.9","b42-34","Control",12.18,NA,NA,NA,NA,NA,NA,"b42-34"
"1086","NY1.5","NY1","Drought",12.18,NA,NA,NA,NA,NA,NA,"NY1"
"1087","NY1.9","NY1","Control",12.18,NA,NA,NA,NA,NA,NA,"NY1"
"1088","T48.2","T48","Drought",12.18,NA,NA,NA,NA,NA,NA,"T48"
"1089","T48.6","T48","Control",12.18,NA,NA,NA,NA,NA,NA,"T48"
"1090","T52.1","T52","Drought",12.18,NA,NA,NA,NA,NA,NA,"T52"
"1091","T52.6","T52","Control",12.18,NA,NA,NA,NA,NA,NA,"T52"
"1092","TXNM0821.3","TXNM0821","Drought",12.18,NA,NA,NA,NA,NA,NA,"TXNM0821"
"1093","TXNM0821.7","TXNM0821","Control",12.18,NA,NA,NA,NA,NA,NA,"TXNM0821"
"1094","V60-96.1","V60-96","Drought",12.18,NA,NA,NA,NA,NA,NA,"V60-96"
"1095","V60-96.7","V60-96","Control",12.18,NA,NA,NA,NA,NA,NA,"V60-96"
"1096","Vru42.5","Vru42","Drought",12.18,NA,NA,NA,NA,NA,NA,"Vru42"
"1097","Vru42.6","Vru42","Control",12.18,NA,NA,NA,NA,NA,NA,"Vru42"
"1098","9018.10","9018","Control",12.18,NA,NA,NA,NA,NA,NA,"9018"
"1099","9018.4","9018","Drought",12.18,NA,NA,NA,NA,NA,NA,"9018"
"1100","b40-14.3","b40-14","Drought",12.18,NA,NA,NA,NA,NA,NA,"b40-14"
"1101","b40-14.9","b40-14","Control",12.18,NA,NA,NA,NA,NA,NA,"b40-14"
"1102","b42-34.10","b42-34","Control",12.18,NA,NA,NA,NA,NA,NA,"b42-34"
"1103","b42-34.5","b42-34","Drought",12.18,NA,NA,NA,NA,NA,NA,"b42-34"
"1104","NY1.2","NY1","Drought",12.18,NA,NA,NA,NA,NA,NA,"NY1"
"1105","NY1.8","NY1","Control",12.18,NA,NA,NA,NA,NA,NA,"NY1"
"1106","T48.1","T48","Drought",12.18,NA,NA,NA,NA,NA,NA,"T48"
"1107","T48.8","T48","Control",12.18,NA,NA,NA,NA,NA,NA,"T48"
"1108","T52.10","T52","Control",12.18,NA,NA,NA,NA,NA,NA,"T52"
"1109","T52.4","T52","Drought",12.18,NA,NA,NA,NA,NA,NA,"T52"
"1110","TXNM0821.2","TXNM0821","Drought",12.18,NA,NA,NA,NA,NA,NA,"TXNM0821"
"1111","TXNM0821.9","TXNM0821","Control",12.18,NA,NA,NA,NA,NA,NA,"TXNM0821"
"1112","V60-96.2","V60-96","Drought",12.18,NA,NA,NA,NA,NA,NA,"V60-96"
"1113","V60-96.6","V60-96","Control",12.18,NA,NA,NA,NA,NA,NA,"V60-96"
"1114","Vru42.2","Vru42","Drought",12.18,NA,NA,NA,NA,NA,NA,"Vru42"
"1115","Vru42.8","Vru42","Control",12.18,NA,NA,NA,NA,NA,NA,"Vru42"
"1116","9018.1","9018","Drought",12.18,NA,NA,NA,NA,NA,NA,"9018"
"1117","9018.9","9018","Control",12.18,NA,NA,NA,NA,NA,NA,"9018"
"1118","b40-14.5","b40-14","Drought",12.18,NA,NA,NA,NA,NA,NA,"b40-14"
"1119","b40-14.7","b40-14","Control",12.18,NA,NA,NA,NA,NA,NA,"b40-14"
"1120","b42-34.7","b42-34","Control",12.18,NA,NA,NA,NA,NA,NA,"b42-34"
"1121","NY1.10","NY1","Control",12.18,NA,NA,NA,NA,NA,NA,"NY1"
"1122","NY1.4","NY1","Drought",12.18,NA,NA,NA,NA,NA,NA,"NY1"
"1123","T48.10","T48","Control",12.18,NA,NA,NA,NA,NA,NA,"T48"
"1124","T48.3","T48","Drought",12.18,NA,NA,NA,NA,NA,NA,"T48"
"1125","T52.5","T52","Drought",12.18,NA,NA,NA,NA,NA,NA,"T52"
"1126","T52.8","T52","Control",12.18,NA,NA,NA,NA,NA,NA,"T52"
"1127","TXNM0821.1","TXNM0821","Drought",12.18,NA,NA,NA,NA,NA,NA,"TXNM0821"
"1128","TXNM0821.5","TXNM0821","Control",12.18,NA,NA,NA,NA,NA,NA,"TXNM0821"
"1129","TXNM0821.8","TXNM0821","Drought",12.18,NA,NA,NA,NA,NA,NA,"TXNM0821"
"1130","V60-96.9","V60-96","Control",12.18,NA,NA,NA,NA,NA,NA,"V60-96"
"1131","Vru42.3","Vru42","Drought",12.18,NA,NA,NA,NA,NA,NA,"Vru42"
"1132","Vru42.9","Vru42","Control",12.18,NA,NA,NA,NA,NA,NA,"Vru42"
"1133","b40-14.4","b40-14","Drought",12.18,NA,NA,NA,NA,NA,NA,"b40-14"
"1134","b42-34.3","b42-34","Drought",12.18,NA,NA,NA,32.778125,44.44284722,33.14340278,"b42-34"
"1135","NY1.3","NY1","Drought",12.18,NA,NA,NA,35.12020833,NA,48.14743056,"NY1"
"1136","9018.5","9018","Drought",12.17,NA,NA,NA,NA,NA,NA,"9018"
"1137","9018.6","9018","Control",12.17,NA,NA,NA,NA,NA,NA,"9018"
"1138","b40-14.1","b40-14","Drought",12.17,NA,NA,NA,NA,NA,NA,"b40-14"
"1139","b40-14.10","b40-14","Control",12.17,NA,NA,NA,NA,NA,NA,"b40-14"
"1140","b42-34.2","b42-34","Drought",12.17,NA,NA,NA,NA,NA,NA,"b42-34"
"1141","b42-34.6","b42-34","Control",12.17,NA,NA,NA,NA,NA,NA,"b42-34"
"1142","NY1.1","NY1","Drought",12.17,NA,NA,NA,NA,NA,NA,"NY1"
"1143","NY1.6","NY1","Control",12.17,NA,NA,NA,NA,NA,NA,"NY1"
"1144","T48.4","T48","Drought",12.17,NA,NA,NA,NA,NA,NA,"T48"
"1145","T48.7","T48","Control",12.17,NA,NA,NA,NA,NA,NA,"T48"
"1146","T52.3","T52","Drought",12.17,NA,NA,NA,NA,NA,NA,"T52"
"1147","T52.7","T52","Control",12.17,NA,NA,NA,NA,NA,NA,"T52"
"1148","TXNM0821.10","TXNM0821","Control",12.17,NA,NA,NA,NA,NA,NA,"TXNM0821"
"1149","TXNM0821.4","TXNM0821","Drought",12.17,NA,NA,NA,NA,NA,NA,"TXNM0821"
"1150","V60-96.3","V60-96","Drought",12.17,NA,NA,NA,NA,NA,NA,"V60-96"
"1151","V60-96.8","V60-96","Control",12.17,NA,NA,NA,NA,NA,NA,"V60-96"
"1152","Vru42.1","Vru42","Drought",12.17,NA,NA,NA,NA,NA,NA,"Vru42"
"1153","Vru42.10","Vru42","Control",12.17,NA,NA,NA,NA,NA,NA,"Vru42"
"1154","9018.3","9018","Drought",12.17,NA,NA,NA,NA,NA,NA,"9018"
"1155","9018.8","9018","Control",12.17,NA,NA,NA,NA,NA,NA,"9018"
"1156","b40-14.2","b40-14","Drought",12.17,NA,NA,NA,NA,NA,NA,"b40-14"
"1157","b40-14.6","b40-14","Control",12.17,NA,NA,NA,NA,NA,NA,"b40-14"
"1158","b42-34.1","b42-34","Drought",12.17,NA,NA,NA,NA,NA,NA,"b42-34"
"1159","b42-34.9","b42-34","Control",12.17,NA,NA,NA,NA,NA,NA,"b42-34"
"1160","NY1.5","NY1","Drought",12.17,NA,NA,NA,NA,NA,NA,"NY1"
"1161","NY1.9","NY1","Control",12.17,NA,NA,NA,NA,NA,NA,"NY1"
"1162","T48.2","T48","Drought",12.17,NA,NA,NA,NA,NA,NA,"T48"
"1163","T48.6","T48","Control",12.17,NA,NA,NA,NA,NA,NA,"T48"
"1164","T52.1","T52","Drought",12.17,NA,NA,NA,NA,NA,NA,"T52"
"1165","T52.6","T52","Control",12.17,NA,NA,NA,NA,NA,NA,"T52"
"1166","TXNM0821.3","TXNM0821","Drought",12.17,NA,NA,NA,NA,NA,NA,"TXNM0821"
"1167","TXNM0821.7","TXNM0821","Control",12.17,NA,NA,NA,NA,NA,NA,"TXNM0821"
"1168","V60-96.1","V60-96","Drought",12.17,NA,NA,NA,NA,NA,NA,"V60-96"
"1169","V60-96.7","V60-96","Control",12.17,NA,NA,NA,NA,NA,NA,"V60-96"
"1170","Vru42.5","Vru42","Drought",12.17,NA,NA,NA,NA,NA,NA,"Vru42"
"1171","Vru42.6","Vru42","Control",12.17,NA,NA,NA,NA,NA,NA,"Vru42"
"1172","9018.10","9018","Control",12.17,NA,NA,NA,NA,NA,NA,"9018"
"1173","9018.4","9018","Drought",12.17,NA,NA,NA,NA,NA,NA,"9018"
"1174","b40-14.3","b40-14","Drought",12.17,NA,NA,NA,NA,NA,NA,"b40-14"
"1175","b40-14.9","b40-14","Control",12.17,NA,NA,NA,NA,NA,NA,"b40-14"
"1176","b42-34.10","b42-34","Control",12.17,NA,NA,NA,NA,NA,NA,"b42-34"
"1177","b42-34.5","b42-34","Drought",12.17,NA,NA,NA,NA,NA,NA,"b42-34"
"1178","NY1.2","NY1","Drought",12.17,NA,NA,NA,NA,NA,NA,"NY1"
"1179","NY1.8","NY1","Control",12.17,NA,NA,NA,NA,NA,NA,"NY1"
"1180","T48.1","T48","Drought",12.17,NA,NA,NA,NA,NA,NA,"T48"
"1181","T48.8","T48","Control",12.17,NA,NA,NA,NA,NA,NA,"T48"
"1182","T52.10","T52","Control",12.17,NA,NA,NA,NA,NA,NA,"T52"
"1183","T52.4","T52","Drought",12.17,NA,NA,NA,NA,NA,NA,"T52"
"1184","TXNM0821.2","TXNM0821","Drought",12.17,NA,NA,NA,NA,NA,NA,"TXNM0821"
"1185","TXNM0821.9","TXNM0821","Control",12.17,NA,NA,NA,NA,NA,NA,"TXNM0821"
"1186","V60-96.2","V60-96","Drought",12.17,NA,NA,NA,NA,NA,NA,"V60-96"
"1187","V60-96.6","V60-96","Control",12.17,NA,NA,NA,NA,NA,NA,"V60-96"
"1188","Vru42.2","Vru42","Drought",12.17,NA,NA,NA,NA,NA,NA,"Vru42"
"1189","Vru42.8","Vru42","Control",12.17,NA,NA,NA,NA,NA,NA,"Vru42"
"1190","V60-96.4","V60-96","Drought",12.17,NA,NA,NA,NA,NA,NA,"V60-96"
"1191","9018.2","9018","Drought",12.17,NA,NA,NA,NA,NA,NA,"9018"
"1192","9018.7","9018","Control",12.17,NA,NA,NA,NA,NA,NA,"9018"
"1193","b40-14.4","b40-14","Drought",12.17,NA,NA,NA,NA,NA,NA,"b40-14"
"1194","b40-14.8","b40-14","Control",12.17,NA,NA,NA,NA,NA,NA,"b40-14"
"1195","b42-34.3","b42-34","Drought",12.17,NA,NA,NA,NA,NA,NA,"b42-34"
"1196","b42-34.8","b42-34","Control",12.17,NA,NA,NA,NA,NA,NA,"b42-34"
"1197","NY1.3","NY1","Drought",12.17,NA,NA,NA,NA,NA,NA,"NY1"
"1198","NY1.7","NY1","Control",12.17,NA,NA,NA,NA,NA,NA,"NY1"
"1199","T48.5","T48","Drought",12.17,NA,NA,NA,NA,NA,NA,"T48"
"1200","T48.9","T48","Control",12.17,NA,NA,NA,NA,NA,NA,"T48"
"1201","T52.2","T52","Drought",12.17,NA,NA,NA,NA,NA,NA,"T52"
"1202","T52.9","T52","Control",12.17,NA,NA,NA,NA,NA,NA,"T52"
"1203","TXNM0821.6","TXNM0821","Control",12.17,NA,NA,NA,NA,NA,NA,"TXNM0821"
"1204","V60-96.10","V60-96","Control",12.17,NA,NA,NA,NA,NA,NA,"V60-96"
"1205","V60-96.5","V60-96","Drought",12.17,NA,NA,NA,NA,NA,NA,"V60-96"
"1206","Vru42.4","Vru42","Drought",12.17,NA,NA,NA,NA,NA,NA,"Vru42"
"1207","Vru42.7","Vru42","Control",12.17,NA,NA,NA,NA,NA,NA,"Vru42"
